"type","buyAmount","buyCurrency","sellAmount","sellCurrency","feeAmount","feeCurrency","exchange","tradeGroup","comment","date"
"Mining",0.05356878,"HNT2",,,,,"Test Wallet",,,"2020-11-12 21:42:48"
"Mining",0.05613302,"HNT2",,,,,"Test Wallet",,,"2020-11-13 01:17:11"
"Mining",0.05463424,"HNT2",,,,,"Test Wallet",,,"2020-11-14 06:57:01"
"Mining",0.05275526,"HNT2",,,,,"Test Wallet",,,"2020-11-14 12:31:47"
"Mining",0.04942926,"HNT2",,,,,"Test Wallet",,,"2020-11-14 14:40:00"
"Mining",0.05146675,"HNT2",,,,,"Test Wallet",,,"2020-11-14 17:54:27"
"Mining",0.05636965,"HNT2",,,,,"Test Wallet",,,"2020-11-15 05:02:34"
"Mining",0.05447601,"HNT2",,,,,"Test Wallet",,,"2020-11-15 14:51:47"
"Mining",0.04827082,"HNT2",,,,,"Test Wallet",,,"2020-11-15 22:38:33"
"Mining",0.050449100000000004,"HNT2",,,,,"Test Wallet",,,"2020-11-16 07:09:46"
"Mining",0.0506659,"HNT2",,,,,"Test Wallet",,,"2020-11-17 00:43:00"
"Mining",0.05203737,"HNT2",,,,,"Test Wallet",,,"2020-11-17 13:35:15"
"Mining",0.05319171,"HNT2",,,,,"Test Wallet",,,"2020-11-17 15:41:47"
"Mining",0.05314057,"HNT2",,,,,"Test Wallet",,,"2020-11-18 00:27:48"
"Mining",0.05186627,"HNT2",,,,,"Test Wallet",,,"2020-11-18 07:22:48"
"Mining",0.05148359,"HNT2",,,,,"Test Wallet",,,"2020-11-18 14:24:29"
"Mining",0.04950919,"HNT2",,,,,"Test Wallet",,,"2020-11-19 14:55:19"
"Mining",0.04655119,"HNT2",,,,,"Test Wallet",,,"2020-11-19 18:45:09"
"Mining",0.053334900000000005,"HNT2",,,,,"Test Wallet",,,"2020-11-20 00:27:35"
"Mining",0.05350551,"HNT2",,,,,"Test Wallet",,,"2020-11-20 11:57:44"
"Mining",0.0520609,"HNT2",,,,,"Test Wallet",,,"2020-11-20 17:46:59"
"Mining",0.053530720000000004,"HNT2",,,,,"Test Wallet",,,"2020-11-20 23:51:10"
"Mining",0.05318537,"HNT2",,,,,"Test Wallet",,,"2020-11-21 08:43:51"
"Mining",0.04756705,"HNT2",,,,,"Test Wallet",,,"2020-11-21 15:58:38"
"Mining",0.05577827,"HNT2",,,,,"Test Wallet",,,"2020-11-21 18:51:38"
"Mining",0.04464668,"HNT2",,,,,"Test Wallet",,,"2020-11-21 23:46:38"
"Mining",0.05512675,"HNT2",,,,,"Test Wallet",,,"2020-11-22 13:09:50"
"Mining",0.04891972,"HNT2",,,,,"Test Wallet",,,"2020-11-23 08:55:48"
"Mining",0.06242103,"HNT2",,,,,"Test Wallet",,,"2020-11-23 15:49:26"
"Mining",0.06261889,"HNT2",,,,,"Test Wallet",,,"2020-11-23 18:56:33"
"Mining",0.06491881000000001,"HNT2",,,,,"Test Wallet",,,"2020-11-23 20:53:10"
"Mining",0.05855951,"HNT2",,,,,"Test Wallet",,,"2020-11-23 23:42:20"
"Mining",0.056242310000000004,"HNT2",,,,,"Test Wallet",,,"2020-11-24 06:52:08"
"Mining",0.10183443,"HNT2",,,,,"Test Wallet",,,"2020-12-03 13:40:52"
"Mining",0.09283644,"HNT2",,,,,"Test Wallet",,,"2020-12-04 07:00:57"
"Mining",0.09024828,"HNT2",,,,,"Test Wallet",,,"2020-12-04 10:31:12"
"Mining",0.09806632,"HNT2",,,,,"Test Wallet",,,"2020-12-04 19:08:36"
"Mining",0.07801579,"HNT2",,,,,"Test Wallet",,,"2020-12-05 03:19:36"
"Mining",0.09226877,"HNT2",,,,,"Test Wallet",,,"2020-12-06 06:11:43"
"Mining",0.09018752000000001,"HNT2",,,,,"Test Wallet",,,"2020-12-06 14:25:39"
"Mining",0.08225778,"HNT2",,,,,"Test Wallet",,,"2020-12-06 19:12:57"
"Mining",0.09595952,"HNT2",,,,,"Test Wallet",,,"2020-12-07 09:42:33"
"Mining",0.09640611,"HNT2",,,,,"Test Wallet",,,"2020-12-07 13:29:00"
"Mining",0.09200542,"HNT2",,,,,"Test Wallet",,,"2020-12-07 18:50:18"
"Mining",0.0980663,"HNT2",,,,,"Test Wallet",,,"2020-12-08 16:40:52"
"Mining",0.09888618,"HNT2",,,,,"Test Wallet",,,"2020-12-09 18:41:18"
"Mining",0.09953702,"HNT2",,,,,"Test Wallet",,,"2020-12-10 05:51:21"
"Mining",0.14627987,"HNT2",,,,,"Test Wallet",,,"2020-12-10 17:47:56"
"Mining",0.08685257,"HNT2",,,,,"Test Wallet",,,"2020-12-10 22:36:13"
"Mining",0.0800049,"HNT2",,,,,"Test Wallet",,,"2020-12-11 21:19:16"
"Mining",0.09613853,"HNT2",,,,,"Test Wallet",,,"2020-12-12 01:38:48"
"Mining",0.08643993,"HNT2",,,,,"Test Wallet",,,"2020-12-12 05:22:06"
"Mining",0.09006766000000001,"HNT2",,,,,"Test Wallet",,,"2020-12-12 10:32:17"
"Mining",0.09095735,"HNT2",,,,,"Test Wallet",,,"2020-12-13 15:18:40"
"Mining",0.08493298,"HNT2",,,,,"Test Wallet",,,"2020-12-13 21:04:37"
"Mining",0.09298401,"HNT2",,,,,"Test Wallet",,,"2020-12-15 14:59:25"
"Mining",0.09696773,"HNT2",,,,,"Test Wallet",,,"2020-12-16 00:44:35"
"Mining",0.09057666,"HNT2",,,,,"Test Wallet",,,"2020-12-16 12:11:40"
"Mining",0.09113692,"HNT2",,,,,"Test Wallet",,,"2020-12-16 20:33:25"
"Mining",0.08817902,"HNT2",,,,,"Test Wallet",,,"2020-12-17 00:37:57"
"Mining",0.09224757,"HNT2",,,,,"Test Wallet",,,"2020-12-17 05:16:15"
"Mining",0.08278765,"HNT2",,,,,"Test Wallet",,,"2020-12-18 19:41:47"
"Mining",0.08403241,"HNT2",,,,,"Test Wallet",,,"2020-12-19 01:24:46"
"Mining",0.08861645,"HNT2",,,,,"Test Wallet",,,"2020-12-19 11:59:50"
"Mining",0.09444212,"HNT2",,,,,"Test Wallet",,,"2020-12-19 19:55:51"
"Mining",0.0826197,"HNT2",,,,,"Test Wallet",,,"2020-12-20 04:02:51"
"Mining",0.07734943,"HNT2",,,,,"Test Wallet",,,"2020-12-20 14:17:45"
"Mining",0.07617504,"HNT2",,,,,"Test Wallet",,,"2020-12-21 10:58:01"
"Mining",0.08285367,"HNT2",,,,,"Test Wallet",,,"2020-12-22 03:35:46"
"Mining",0.0813003,"HNT2",,,,,"Test Wallet",,,"2020-12-22 19:30:04"
"Mining",0.08661566,"HNT2",,,,,"Test Wallet",,,"2020-12-23 00:43:44"
"Mining",0.08148191,"HNT2",,,,,"Test Wallet",,,"2020-12-23 06:51:53"
"Mining",0.08243658,"HNT2",,,,,"Test Wallet",,,"2020-12-24 04:32:37"
"Mining",0.09121518,"HNT2",,,,,"Test Wallet",,,"2020-12-25 01:33:14"
"Mining",0.07675415000000001,"HNT2",,,,,"Test Wallet",,,"2020-12-26 20:12:15"
"Mining",0.08857242,"HNT2",,,,,"Test Wallet",,,"2020-12-27 00:44:13"
"Mining",0.08606387,"HNT2",,,,,"Test Wallet",,,"2020-12-27 10:52:58"
"Mining",0.08216614,"HNT2",,,,,"Test Wallet",,,"2020-12-27 17:09:28"
"Mining",0.09008267,"HNT2",,,,,"Test Wallet",,,"2020-12-27 23:09:06"
"Mining",0.08457114,"HNT2",,,,,"Test Wallet",,,"2020-12-29 05:52:34"
"Mining",0.08722864,"HNT2",,,,,"Test Wallet",,,"2020-12-29 13:22:09"
"Mining",0.09293169,"HNT2",,,,,"Test Wallet",,,"2020-12-31 10:24:07"
"Mining",0.09654789,"HNT2",,,,,"Test Wallet",,,"2020-12-31 15:28:28"
"Mining",0.06305465,"HNT2",,,,,"Test Wallet",,,"2020-12-31 19:57:45"
"Mining",0.08075106,"HNT2",,,,,"Test Wallet",,,"2021-01-02 11:40:11"
"Mining",0.07684012,"HNT2",,,,,"Test Wallet",,,"2021-01-02 19:36:16"
"Mining",0.07449502,"HNT2",,,,,"Test Wallet",,,"2021-01-04 03:25:55"
"Mining",0.06593821,"HNT2",,,,,"Test Wallet",,,"2021-01-04 11:38:11"
"Mining",0.07897182,"HNT2",,,,,"Test Wallet",,,"2021-01-05 20:20:55"
"Mining",0.07632426,"HNT2",,,,,"Test Wallet",,,"2021-01-06 15:44:34"
"Mining",0.08003985,"HNT2",,,,,"Test Wallet",,,"2021-01-07 03:33:58"
"Mining",0.06909953,"HNT2",,,,,"Test Wallet",,,"2021-01-07 12:52:34"
"Mining",0.07566812,"HNT2",,,,,"Test Wallet",,,"2021-01-08 09:02:21"
"Mining",0.0800728,"HNT2",,,,,"Test Wallet",,,"2021-01-08 21:54:01"
"Mining",0.07369975000000001,"HNT2",,,,,"Test Wallet",,,"2021-01-09 01:28:49"
"Mining",0.07319172,"HNT2",,,,,"Test Wallet",,,"2021-01-09 13:32:20"
"Mining",0.0754777,"HNT2",,,,,"Test Wallet",,,"2021-01-10 20:23:30"
"Mining",0.07920516,"HNT2",,,,,"Test Wallet",,,"2021-01-11 04:10:57"
"Mining",0.07328138000000001,"HNT2",,,,,"Test Wallet",,,"2021-01-11 08:55:08"
"Mining",0.07682387,"HNT2",,,,,"Test Wallet",,,"2021-01-11 17:28:45"
"Mining",0.07809604,"HNT2",,,,,"Test Wallet",,,"2021-01-11 21:14:09"
"Mining",0.08489953,"HNT2",,,,,"Test Wallet",,,"2021-01-12 21:23:14"
"Mining",0.07595558,"HNT2",,,,,"Test Wallet",,,"2021-01-14 00:58:19"
"Mining",0.08150078,"HNT2",,,,,"Test Wallet",,,"2021-01-14 17:57:28"
"Mining",0.07434636,"HNT2",,,,,"Test Wallet",,,"2021-01-15 02:08:34"
"Mining",0.07582932,"HNT2",,,,,"Test Wallet",,,"2021-01-15 13:54:10"
"Mining",0.07399869,"HNT2",,,,,"Test Wallet",,,"2021-01-16 08:54:00"
"Mining",0.07811123,"HNT2",,,,,"Test Wallet",,,"2021-01-17 06:16:01"
"Mining",0.07154045,"HNT2",,,,,"Test Wallet",,,"2021-01-17 10:36:00"
"Mining",0.06518428,"HNT2",,,,,"Test Wallet",,,"2021-01-17 15:08:50"
"Mining",0.07383853,"HNT2",,,,,"Test Wallet",,,"2021-01-18 03:31:32"
"Mining",0.06926235,"HNT2",,,,,"Test Wallet",,,"2021-01-18 07:42:31"
"Mining",0.06454681,"HNT2",,,,,"Test Wallet",,,"2021-01-18 11:51:34"
"Mining",0.08261588,"HNT2",,,,,"Test Wallet",,,"2021-01-18 17:20:38"
"Mining",0.07940328,"HNT2",,,,,"Test Wallet",,,"2021-01-18 21:22:16"
"Mining",0.07791579,"HNT2",,,,,"Test Wallet",,,"2021-01-19 01:37:58"
"Mining",0.07952983,"HNT2",,,,,"Test Wallet",,,"2021-01-19 05:25:57"
"Mining",0.08058187,"HNT2",,,,,"Test Wallet",,,"2021-01-19 10:23:38"
"Mining",0.07212283,"HNT2",,,,,"Test Wallet",,,"2021-01-21 15:07:51"
"Mining",0.07754456,"HNT2",,,,,"Test Wallet",,,"2021-01-21 23:18:08"
"Mining",0.07324126,"HNT2",,,,,"Test Wallet",,,"2021-01-22 07:05:40"
"Mining",0.0784343,"HNT2",,,,,"Test Wallet",,,"2021-01-22 22:47:03"
"Mining",0.07910059,"HNT2",,,,,"Test Wallet",,,"2021-01-23 08:36:45"
"Mining",0.07568599,"HNT2",,,,,"Test Wallet",,,"2021-01-23 21:20:06"
"Mining",0.07343263,"HNT2",,,,,"Test Wallet",,,"2021-01-25 17:22:05"
"Mining",0.07984513,"HNT2",,,,,"Test Wallet",,,"2021-01-25 22:25:52"
"Mining",0.07533594,"HNT2",,,,,"Test Wallet",,,"2021-01-26 08:47:34"
"Mining",0.0733419,"HNT2",,,,,"Test Wallet",,,"2021-01-27 00:58:49"
"Mining",0.07701434,"HNT2",,,,,"Test Wallet",,,"2021-01-27 10:29:36"
"Mining",0.08085617,"HNT2",,,,,"Test Wallet",,,"2021-01-28 01:54:22"
"Mining",0.07261477,"HNT2",,,,,"Test Wallet",,,"2021-01-28 03:47:18"
"Mining",0.07579845,"HNT2",,,,,"Test Wallet",,,"2021-01-28 11:41:57"
"Mining",0.07866984,"HNT2",,,,,"Test Wallet",,,"2021-01-28 15:12:39"
"Mining",0.07840969,"HNT2",,,,,"Test Wallet",,,"2021-01-29 02:49:18"
"Mining",0.08146111,"HNT2",,,,,"Test Wallet",,,"2021-01-29 08:15:42"
"Mining",0.07817224,"HNT2",,,,,"Test Wallet",,,"2021-01-29 12:19:54"
"Mining",0.07813489,"HNT2",,,,,"Test Wallet",,,"2021-01-29 15:28:14"
"Mining",0.08167506000000001,"HNT2",,,,,"Test Wallet",,,"2021-01-29 22:48:25"
"Mining",0.07895936,"HNT2",,,,,"Test Wallet",,,"2021-01-30 02:15:36"
"Mining",0.08087905000000001,"HNT2",,,,,"Test Wallet",,,"2021-01-30 06:08:54"
"Mining",0.08007563,"HNT2",,,,,"Test Wallet",,,"2021-01-30 07:49:13"
"Mining",0.07719186,"HNT2",,,,,"Test Wallet",,,"2021-01-30 12:36:25"
"Mining",0.07463291,"HNT2",,,,,"Test Wallet",,,"2021-01-30 17:07:04"
"Mining",0.08303921,"HNT2",,,,,"Test Wallet",,,"2021-01-30 17:55:17"
"Mining",0.07622592,"HNT2",,,,,"Test Wallet",,,"2021-01-30 23:18:14"
"Mining",0.08116567,"HNT2",,,,,"Test Wallet",,,"2021-01-31 03:29:56"
"Mining",0.08004168,"HNT2",,,,,"Test Wallet",,,"2021-01-31 04:07:16"
"Mining",0.0824825,"HNT2",,,,,"Test Wallet",,,"2021-01-31 10:16:22"
"Mining",0.07577497,"HNT2",,,,,"Test Wallet",,,"2021-01-31 14:14:40"
"Mining",0.08093518,"HNT2",,,,,"Test Wallet",,,"2021-01-31 22:07:55"
"Mining",0.07137507,"HNT2",,,,,"Test Wallet",,,"2021-02-01 00:42:01"
"Mining",0.07779212,"HNT2",,,,,"Test Wallet",,,"2021-02-01 01:16:05"
"Mining",0.07756128,"HNT2",,,,,"Test Wallet",,,"2021-02-01 06:29:29"
"Mining",0.0829291,"HNT2",,,,,"Test Wallet",,,"2021-02-01 14:28:55"
"Mining",0.07465703,"HNT2",,,,,"Test Wallet",,,"2021-02-01 19:02:34"
"Mining",0.07790724,"HNT2",,,,,"Test Wallet",,,"2021-02-02 04:38:43"
"Mining",0.07495854,"HNT2",,,,,"Test Wallet",,,"2021-02-02 08:38:49"
"Mining",0.07730286,"HNT2",,,,,"Test Wallet",,,"2021-02-02 12:02:06"
"Mining",0.07770194,"HNT2",,,,,"Test Wallet",,,"2021-02-02 13:56:22"
"Mining",0.07690044,"HNT2",,,,,"Test Wallet",,,"2021-02-02 16:26:35"
"Mining",0.07085544,"HNT2",,,,,"Test Wallet",,,"2021-02-02 21:55:57"
"Mining",0.07055853000000001,"HNT2",,,,,"Test Wallet",,,"2021-02-03 00:36:06"
"Mining",0.07474063,"HNT2",,,,,"Test Wallet",,,"2021-02-03 10:53:37"
"Mining",0.07133836,"HNT2",,,,,"Test Wallet",,,"2021-02-03 14:50:34"
"Mining",0.06645401000000001,"HNT2",,,,,"Test Wallet",,,"2021-02-03 19:19:00"
"Mining",0.07180955,"HNT2",,,,,"Test Wallet",,,"2021-02-04 00:16:38"
"Mining",0.06410657,"HNT2",,,,,"Test Wallet",,,"2021-02-04 04:19:43"
"Mining",0.140087,"HNT2",,,,,"Test Wallet",,,"2021-02-04 09:32:33"
"Mining",0.07570869,"HNT2",,,,,"Test Wallet",,,"2021-02-04 13:37:28"
"Mining",0.0760664,"HNT2",,,,,"Test Wallet",,,"2021-02-04 18:45:42"
"Mining",0.07016387,"HNT2",,,,,"Test Wallet",,,"2021-02-04 22:33:35"
"Mining",0.07228659,"HNT2",,,,,"Test Wallet",,,"2021-02-05 06:18:49"
"Mining",0.07496018,"HNT2",,,,,"Test Wallet",,,"2021-02-05 10:15:13"
"Mining",0.06814638,"HNT2",,,,,"Test Wallet",,,"2021-02-05 12:26:12"
"Mining",0.07920448000000001,"HNT2",,,,,"Test Wallet",,,"2021-02-05 15:12:47"
"Mining",0.08804986000000001,"HNT2",,,,,"Test Wallet",,,"2021-02-05 17:29:12"
"Mining",0.06243008,"HNT2",,,,,"Test Wallet",,,"2021-02-05 20:43:40"
"Mining",0.05836323,"HNT2",,,,,"Test Wallet",,,"2021-02-05 23:36:09"
"Mining",0.05868421,"HNT2",,,,,"Test Wallet",,,"2021-02-06 07:21:17"
"Mining",0.05793264,"HNT2",,,,,"Test Wallet",,,"2021-02-06 11:03:28"
"Mining",0.05788447,"HNT2",,,,,"Test Wallet",,,"2021-02-06 15:42:11"
"Mining",0.0541416,"HNT2",,,,,"Test Wallet",,,"2021-02-06 19:05:29"
"Mining",0.05532918,"HNT2",,,,,"Test Wallet",,,"2021-02-06 20:51:37"
"Mining",0.05838509,"HNT2",,,,,"Test Wallet",,,"2021-02-07 00:04:46"
"Mining",0.05608966,"HNT2",,,,,"Test Wallet",,,"2021-02-07 01:09:39"
"Mining",0.0549966,"HNT2",,,,,"Test Wallet",,,"2021-02-07 04:43:27"
"Mining",0.0553988,"HNT2",,,,,"Test Wallet",,,"2021-02-07 12:28:03"
"Mining",0.05487868,"HNT2",,,,,"Test Wallet",,,"2021-02-07 13:06:33"
"Mining",0.056976900000000004,"HNT2",,,,,"Test Wallet",,,"2021-02-07 17:06:58"
"Mining",0.05819146,"HNT2",,,,,"Test Wallet",,,"2021-02-07 17:45:28"
"Mining",0.0565038,"HNT2",,,,,"Test Wallet",,,"2021-02-07 22:11:44"
"Mining",0.1079006,"HNT2",,,,,"Test Wallet",,,"2021-02-08 07:06:19"
"Mining",0.06019322,"HNT2",,,,,"Test Wallet",,,"2021-02-08 20:59:06"
"Mining",0.061653650000000004,"HNT2",,,,,"Test Wallet",,,"2021-02-09 01:27:50"
"Mining",0.05859971,"HNT2",,,,,"Test Wallet",,,"2021-02-09 04:02:40"
"Mining",0.06067952,"HNT2",,,,,"Test Wallet",,,"2021-02-09 07:40:48"
"Mining",0.05742251,"HNT2",,,,,"Test Wallet",,,"2021-02-09 08:53:38"
"Mining",0.05953149,"HNT2",,,,,"Test Wallet",,,"2021-02-09 12:43:30"
"Mining",0.06922306,"HNT2",,,,,"Test Wallet",,,"2021-02-09 18:02:20"
"Mining",0.0530544,"HNT2",,,,,"Test Wallet",,,"2021-02-09 22:11:59"
"Mining",0.05661402,"HNT2",,,,,"Test Wallet",,,"2021-02-10 03:02:44"
"Mining",0.04858433,"HNT2",,,,,"Test Wallet",,,"2021-02-10 13:50:56"
"Mining",0.05633352,"HNT2",,,,,"Test Wallet",,,"2021-02-10 23:46:32"
"Mining",0.05251131,"HNT2",,,,,"Test Wallet",,,"2021-02-11 02:48:58"
"Mining",0.05481214,"HNT2",,,,,"Test Wallet",,,"2021-02-11 06:36:22"
"Mining",0.05581998,"HNT2",,,,,"Test Wallet",,,"2021-02-11 10:11:33"
"Mining",0.05692269,"HNT2",,,,,"Test Wallet",,,"2021-02-11 14:20:55"
"Mining",0.054319610000000004,"HNT2",,,,,"Test Wallet",,,"2021-02-11 18:45:35"
"Mining",0.06031082,"HNT2",,,,,"Test Wallet",,,"2021-02-11 20:48:02"
"Mining",0.05627882,"HNT2",,,,,"Test Wallet",,,"2021-02-11 22:29:50"
"Mining",0.05952946,"HNT2",,,,,"Test Wallet",,,"2021-02-12 02:51:12"
"Mining",0.05823325,"HNT2",,,,,"Test Wallet",,,"2021-02-12 06:49:01"
"Mining",0.06133558,"HNT2",,,,,"Test Wallet",,,"2021-02-12 10:25:13"
"Mining",0.056984190000000004,"HNT2",,,,,"Test Wallet",,,"2021-02-12 15:39:30"
"Mining",0.05554047,"HNT2",,,,,"Test Wallet",,,"2021-02-12 19:37:07"
"Mining",0.057320420000000004,"HNT2",,,,,"Test Wallet",,,"2021-02-12 23:54:45"
"Mining",0.052369820000000004,"HNT2",,,,,"Test Wallet",,,"2021-02-13 00:22:45"
"Mining",0.054044800000000004,"HNT2",,,,,"Test Wallet",,,"2021-02-13 03:33:54"
"Mining",0.05341041,"HNT2",,,,,"Test Wallet",,,"2021-02-13 07:42:50"
"Mining",0.05438407,"HNT2",,,,,"Test Wallet",,,"2021-02-13 11:34:16"
"Mining",0.05318134,"HNT2",,,,,"Test Wallet",,,"2021-02-13 15:51:29"
"Mining",0.055302250000000004,"HNT2",,,,,"Test Wallet",,,"2021-02-13 20:26:13"
"Mining",0.06004629,"HNT2",,,,,"Test Wallet",,,"2021-02-13 21:27:43"
"Mining",0.05735026,"HNT2",,,,,"Test Wallet",,,"2021-02-14 00:35:55"
"Mining",0.06006718,"HNT2",,,,,"Test Wallet",,,"2021-02-14 05:05:44"
"Mining",0.05711761,"HNT2",,,,,"Test Wallet",,,"2021-02-14 10:00:38"
"Mining",0.05922562,"HNT2",,,,,"Test Wallet",,,"2021-02-14 16:46:18"
"Mining",0.0904213,"HNT2",,,,,"Test Wallet",,,"2021-02-14 21:46:01"
"Mining",0.06011792,"HNT2",,,,,"Test Wallet",,,"2021-02-15 02:19:13"
"Mining",0.06121088,"HNT2",,,,,"Test Wallet",,,"2021-02-15 12:23:08"
"Mining",0.0628222,"HNT2",,,,,"Test Wallet",,,"2021-02-15 15:51:24"
"Mining",0.06016822,"HNT2",,,,,"Test Wallet",,,"2021-02-15 17:14:01"
"Mining",0.062459270000000004,"HNT2",,,,,"Test Wallet",,,"2021-02-15 20:11:06"
"Mining",0.06080681,"HNT2",,,,,"Test Wallet",,,"2021-02-15 21:22:46"
"Mining",0.05954128,"HNT2",,,,,"Test Wallet",,,"2021-02-16 05:33:17"
"Mining",0.12386306,"HNT2",,,,,"Test Wallet",,,"2021-02-16 08:53:02"
"Mining",0.06066677,"HNT2",,,,,"Test Wallet",,,"2021-02-16 12:59:32"
"Mining",0.06776644,"HNT2",,,,,"Test Wallet",,,"2021-02-16 20:26:03"
"Mining",0.05992612,"HNT2",,,,,"Test Wallet",,,"2021-02-17 00:40:43"
"Mining",0.05894763,"HNT2",,,,,"Test Wallet",,,"2021-02-17 08:17:48"
"Mining",0.06155629,"HNT2",,,,,"Test Wallet",,,"2021-02-17 12:57:52"
"Mining",0.06197251,"HNT2",,,,,"Test Wallet",,,"2021-02-17 13:25:44"
"Mining",0.06139021,"HNT2",,,,,"Test Wallet",,,"2021-02-17 20:05:02"
"Mining",0.06186507,"HNT2",,,,,"Test Wallet",,,"2021-02-17 23:58:57"
"Mining",0.06065628,"HNT2",,,,,"Test Wallet",,,"2021-02-18 04:14:27"
"Mining",0.06430143,"HNT2",,,,,"Test Wallet",,,"2021-02-18 08:14:18"
"Mining",0.05947782,"HNT2",,,,,"Test Wallet",,,"2021-02-18 09:13:51"
"Mining",0.060102380000000004,"HNT2",,,,,"Test Wallet",,,"2021-02-18 11:46:22"
"Mining",0.13006310000000001,"HNT2",,,,,"Test Wallet",,,"2021-02-18 19:50:22"
"Mining",0.06294596,"HNT2",,,,,"Test Wallet",,,"2021-02-19 04:21:20"
"Mining",0.061026580000000004,"HNT2",,,,,"Test Wallet",,,"2021-02-19 08:41:41"
"Mining",0.0783835,"HNT2",,,,,"Test Wallet",,,"2021-02-19 16:00:14"
"Mining",0.06285444,"HNT2",,,,,"Test Wallet",,,"2021-02-19 19:27:03"
"Mining",0.05574587,"HNT2",,,,,"Test Wallet",,,"2021-02-19 19:55:16"
"Mining",0.05737208,"HNT2",,,,,"Test Wallet",,,"2021-02-19 23:23:08"
"Mining",0.05734637,"HNT2",,,,,"Test Wallet",,,"2021-02-20 02:57:47"
"Mining",0.056211000000000004,"HNT2",,,,,"Test Wallet",,,"2021-02-20 06:17:25"
"Mining",0.05920943,"HNT2",,,,,"Test Wallet",,,"2021-02-20 06:47:54"
"Mining",0.05973251,"HNT2",,,,,"Test Wallet",,,"2021-02-20 14:23:05"
"Mining",0.08391088000000001,"HNT2",,,,,"Test Wallet",,,"2021-02-20 22:52:03"
"Mining",0.09958587,"HNT2",,,,,"Test Wallet",,,"2021-02-21 13:41:47"
"Mining",0.055132810000000004,"HNT2",,,,,"Test Wallet",,,"2021-02-21 14:44:17"
"Mining",0.05162453,"HNT2",,,,,"Test Wallet",,,"2021-02-21 17:03:20"
"Mining",0.06807621,"HNT2",,,,,"Test Wallet",,,"2021-02-21 22:36:58"
"Mining",0.06192078,"HNT2",,,,,"Test Wallet",,,"2021-02-22 04:19:01"
"Mining",0.07790312,"HNT2",,,,,"Test Wallet",,,"2021-02-22 08:56:06"
"Mining",0.06754649,"HNT2",,,,,"Test Wallet",,,"2021-02-22 09:59:41"
"Mining",0.08223758,"HNT2",,,,,"Test Wallet",,,"2021-02-22 13:39:27"
"Mining",0.052558850000000004,"HNT2",,,,,"Test Wallet",,,"2021-02-22 16:03:03"
"Mining",0.08884976,"HNT2",,,,,"Test Wallet",,,"2021-02-22 18:06:42"
"Mining",0.054384510000000004,"HNT2",,,,,"Test Wallet",,,"2021-02-23 02:26:33"
"Mining",0.05955975,"HNT2",,,,,"Test Wallet",,,"2021-02-23 06:15:53"
"Mining",0.0576514,"HNT2",,,,,"Test Wallet",,,"2021-02-23 09:54:36"
"Mining",0.11147958000000001,"HNT2",,,,,"Test Wallet",,,"2021-02-23 20:35:02"
"Mining",0.0514294,"HNT2",,,,,"Test Wallet",,,"2021-02-24 01:19:17"
"Mining",0.05477973,"HNT2",,,,,"Test Wallet",,,"2021-02-24 09:16:12"
"Mining",0.05988402,"HNT2",,,,,"Test Wallet",,,"2021-02-24 14:00:55"
"Mining",0.05466268,"HNT2",,,,,"Test Wallet",,,"2021-02-24 18:54:47"
"Mining",0.05796467,"HNT2",,,,,"Test Wallet",,,"2021-02-25 03:16:29"
"Mining",0.05982911,"HNT2",,,,,"Test Wallet",,,"2021-02-25 07:03:07"
"Mining",0.05827408,"HNT2",,,,,"Test Wallet",,,"2021-02-25 19:34:29"
"Mining",0.054588410000000004,"HNT2",,,,,"Test Wallet",,,"2021-02-25 23:35:32"
"Mining",0.05571501,"HNT2",,,,,"Test Wallet",,,"2021-02-26 00:14:10"
"Mining",0.05525074,"HNT2",,,,,"Test Wallet",,,"2021-02-26 03:49:44"
"Mining",0.05452164,"HNT2",,,,,"Test Wallet",,,"2021-02-26 07:22:35"
"Mining",0.05316321,"HNT2",,,,,"Test Wallet",,,"2021-02-26 11:07:16"
"Mining",0.05414496,"HNT2",,,,,"Test Wallet",,,"2021-02-26 21:09:03"
"Mining",0.05694424,"HNT2",,,,,"Test Wallet",,,"2021-02-27 00:46:27"
"Mining",0.05289871,"HNT2",,,,,"Test Wallet",,,"2021-02-27 01:25:40"
"Mining",0.05410193,"HNT2",,,,,"Test Wallet",,,"2021-02-27 04:52:52"
"Mining",0.05512907,"HNT2",,,,,"Test Wallet",,,"2021-02-27 05:23:24"
"Mining",0.05433552,"HNT2",,,,,"Test Wallet",,,"2021-02-27 08:41:53"
"Mining",0.05457933,"HNT2",,,,,"Test Wallet",,,"2021-02-27 09:27:56"
"Mining",0.0592334,"HNT2",,,,,"Test Wallet",,,"2021-02-27 15:12:03"
"Mining",0.055347190000000004,"HNT2",,,,,"Test Wallet",,,"2021-02-27 23:00:08"
"Mining",0.05537428,"HNT2",,,,,"Test Wallet",,,"2021-02-28 02:51:38"
"Mining",0.0554127,"HNT2",,,,,"Test Wallet",,,"2021-02-28 06:44:49"
"Mining",0.05617821,"HNT2",,,,,"Test Wallet",,,"2021-02-28 10:11:07"
"Mining",0.05803913,"HNT2",,,,,"Test Wallet",,,"2021-02-28 13:52:04"
"Mining",0.05194024,"HNT2",,,,,"Test Wallet",,,"2021-02-28 19:50:13"
"Mining",0.054221860000000004,"HNT2",,,,,"Test Wallet",,,"2021-02-28 20:27:01"
"Mining",0.06452979,"HNT2",,,,,"Test Wallet",,,"2021-03-01 01:14:52"
"Mining",0.06518169,"HNT2",,,,,"Test Wallet",,,"2021-03-01 04:07:34"
"Mining",0.05818369,"HNT2",,,,,"Test Wallet",,,"2021-03-01 08:27:15"
"Mining",0.05935059,"HNT2",,,,,"Test Wallet",,,"2021-03-01 12:35:33"
"Mining",0.06019328,"HNT2",,,,,"Test Wallet",,,"2021-03-01 18:15:18"
"Mining",0.06103219,"HNT2",,,,,"Test Wallet",,,"2021-03-01 20:19:00"
"Mining",0.05650625,"HNT2",,,,,"Test Wallet",,,"2021-03-02 04:23:11"
"Mining",0.05939224,"HNT2",,,,,"Test Wallet",,,"2021-03-02 10:28:16"
"Mining",0.0583841,"HNT2",,,,,"Test Wallet",,,"2021-03-02 17:03:26"
"Mining",0.05314531,"HNT2",,,,,"Test Wallet",,,"2021-03-02 19:45:42"
"Mining",0.05354695,"HNT2",,,,,"Test Wallet",,,"2021-03-02 20:50:57"
"Mining",0.05441662,"HNT2",,,,,"Test Wallet",,,"2021-03-03 00:06:39"
"Mining",0.05548887,"HNT2",,,,,"Test Wallet",,,"2021-03-03 04:52:47"
"Mining",0.053241290000000004,"HNT2",,,,,"Test Wallet",,,"2021-03-03 07:12:44"
"Mining",0.05514017,"HNT2",,,,,"Test Wallet",,,"2021-03-03 11:15:26"
"Mining",0.05351963,"HNT2",,,,,"Test Wallet",,,"2021-03-03 14:38:58"
"Mining",0.05594399,"HNT2",,,,,"Test Wallet",,,"2021-03-03 16:25:40"
"Mining",0.0539797,"HNT2",,,,,"Test Wallet",,,"2021-03-03 18:03:44"
"Mining",0.05593091,"HNT2",,,,,"Test Wallet",,,"2021-03-04 01:53:52"
"Mining",0.05344887,"HNT2",,,,,"Test Wallet",,,"2021-03-04 04:13:37"
"Mining",0.049977270000000004,"HNT2",,,,,"Test Wallet",,,"2021-03-04 05:33:36"
"Mining",0.05541456,"HNT2",,,,,"Test Wallet",,,"2021-03-04 08:13:52"
"Mining",0.05472125,"HNT2",,,,,"Test Wallet",,,"2021-03-04 09:56:17"
"Mining",0.056282900000000004,"HNT2",,,,,"Test Wallet",,,"2021-03-04 12:26:19"
"Mining",0.05874689,"HNT2",,,,,"Test Wallet",,,"2021-03-04 15:47:38"
"Mining",0.05245034,"HNT2",,,,,"Test Wallet",,,"2021-03-04 19:00:30"
"Mining",0.05587372,"HNT2",,,,,"Test Wallet",,,"2021-03-04 20:34:47"
"Mining",0.057116480000000004,"HNT2",,,,,"Test Wallet",,,"2021-03-05 00:07:28"
"Mining",0.049977560000000004,"HNT2",,,,,"Test Wallet",,,"2021-03-05 00:37:14"
"Mining",0.05589355,"HNT2",,,,,"Test Wallet",,,"2021-03-05 04:51:18"
"Mining",0.05305812,"HNT2",,,,,"Test Wallet",,,"2021-03-05 05:38:32"
"Mining",0.05322395,"HNT2",,,,,"Test Wallet",,,"2021-03-05 08:18:46"
"Mining",0.054898380000000004,"HNT2",,,,,"Test Wallet",,,"2021-03-05 09:24:29"
"Mining",0.1120244,"HNT2",,,,,"Test Wallet",,,"2021-03-05 13:20:01"
"Mining",0.10984036,"HNT2",,,,,"Test Wallet",,,"2021-03-05 17:59:39"
"Mining",0.09479030000000001,"HNT2",,,,,"Test Wallet",,,"2021-03-05 22:32:04"
"Mining",0.05098351,"HNT2",,,,,"Test Wallet",,,"2021-03-06 03:08:59"
"Mining",0.05323351,"HNT2",,,,,"Test Wallet",,,"2021-03-06 04:13:50"
"Mining",0.04927322,"HNT2",,,,,"Test Wallet",,,"2021-03-06 09:17:34"
"Mining",0.053474270000000004,"HNT2",,,,,"Test Wallet",,,"2021-03-06 13:38:23"
"Mining",0.0494604,"HNT2",,,,,"Test Wallet",,,"2021-03-06 19:03:25"
"Mining",0.10781574000000001,"HNT2",,,,,"Test Wallet",,,"2021-03-07 01:32:59"
"Mining",0.05117736,"HNT2",,,,,"Test Wallet",,,"2021-03-07 04:55:27"
"Mining",0.05321047,"HNT2",,,,,"Test Wallet",,,"2021-03-07 05:29:24"
"Mining",0.05399076,"HNT2",,,,,"Test Wallet",,,"2021-03-07 09:04:47"
"Mining",0.05260249,"HNT2",,,,,"Test Wallet",,,"2021-03-07 10:06:23"
"Mining",0.10242284,"HNT2",,,,,"Test Wallet",,,"2021-03-07 15:23:26"
"Mining",0.054369350000000004,"HNT2",,,,,"Test Wallet",,,"2021-03-07 20:36:17"
"Mining",0.06036797,"HNT2",,,,,"Test Wallet",,,"2021-03-08 10:52:58"
"Mining",0.06053228,"HNT2",,,,,"Test Wallet",,,"2021-03-08 18:28:55"
"Mining",0.04579353,"HNT2",,,,,"Test Wallet",,,"2021-03-08 21:51:14"
"Mining",0.05072162,"HNT2",,,,,"Test Wallet",,,"2021-03-08 22:47:26"
"Mining",0.05244513,"HNT2",,,,,"Test Wallet",,,"2021-03-09 01:20:04"
"Mining",0.04789,"HNT2",,,,,"Test Wallet",,,"2021-03-09 04:51:22"
"Mining",0.05044622,"HNT2",,,,,"Test Wallet",,,"2021-03-09 05:47:58"
"Mining",0.04739701,"HNT2",,,,,"Test Wallet",,,"2021-03-09 09:24:01"
"Mining",0.0697888,"HNT2",,,,,"Test Wallet",,,"2021-03-09 12:13:47"
"Mining",0.0672954,"HNT2",,,,,"Test Wallet",,,"2021-03-09 16:08:12"
"Mining",0.0859853,"HNT2",,,,,"Test Wallet",,,"2021-03-09 16:37:25"
"Mining",0.1786079,"HNT2",,,,,"Test Wallet",,,"2021-03-09 20:42:06"
"Mining",0.16127664,"HNT2",,,,,"Test Wallet",,,"2021-03-10 00:04:43"
"Mining",0.09146662,"HNT2",,,,,"Test Wallet",,,"2021-03-10 03:59:25"
"Mining",0.09646654,"HNT2",,,,,"Test Wallet",,,"2021-03-10 07:54:47"
"Mining",0.10100733,"HNT2",,,,,"Test Wallet",,,"2021-03-10 11:30:33"
"Mining",0.08479882,"HNT2",,,,,"Test Wallet",,,"2021-03-10 19:15:52"
"Mining",0.05987817,"HNT2",,,,,"Test Wallet",,,"2021-03-10 23:15:57"
"Mining",0.07936308,"HNT2",,,,,"Test Wallet",,,"2021-03-11 02:16:34"
"Mining",0.08048106000000001,"HNT2",,,,,"Test Wallet",,,"2021-03-11 06:58:24"
"Mining",0.07427841,"HNT2",,,,,"Test Wallet",,,"2021-03-11 09:30:00"
"Mining",0.08863967,"HNT2",,,,,"Test Wallet",,,"2021-03-11 11:17:44"
"Mining",0.08098831000000001,"HNT2",,,,,"Test Wallet",,,"2021-03-11 15:19:02"
"Mining",0.06915414,"HNT2",,,,,"Test Wallet",,,"2021-03-11 18:16:00"
"Mining",0.08492,"HNT2",,,,,"Test Wallet",,,"2021-03-11 19:26:17"
"Mining",0.09462373,"HNT2",,,,,"Test Wallet",,,"2021-03-12 03:00:51"
"Mining",0.08515895,"HNT2",,,,,"Test Wallet",,,"2021-03-12 06:07:33"
"Mining",0.09789988000000001,"HNT2",,,,,"Test Wallet",,,"2021-03-12 11:03:32"
"Mining",0.06471482,"HNT2",,,,,"Test Wallet",,,"2021-03-12 16:31:51"
"Mining",0.06577838,"HNT2",,,,,"Test Wallet",,,"2021-03-12 21:36:06"
"Mining",0.07282842,"HNT2",,,,,"Test Wallet",,,"2021-03-13 01:04:53"
"Mining",0.07020455,"HNT2",,,,,"Test Wallet",,,"2021-03-13 04:23:18"
"Mining",0.08032332,"HNT2",,,,,"Test Wallet",,,"2021-03-13 04:50:54"
"Mining",0.07255482,"HNT2",,,,,"Test Wallet",,,"2021-03-13 11:33:27"
"Mining",0.07388612,"HNT2",,,,,"Test Wallet",,,"2021-03-13 15:48:30"
"Mining",0.08969581,"HNT2",,,,,"Test Wallet",,,"2021-03-14 06:06:37"
"Mining",0.09689922000000001,"HNT2",,,,,"Test Wallet",,,"2021-03-14 09:41:40"
"Mining",0.08399525000000001,"HNT2",,,,,"Test Wallet",,,"2021-03-14 21:45:54"
"Mining",0.06566578,"HNT2",,,,,"Test Wallet",,,"2021-03-15 10:10:01"
"Mining",0.10693601,"HNT2",,,,,"Test Wallet",,,"2021-03-15 12:12:43"
"Mining",0.08228047000000001,"HNT2",,,,,"Test Wallet",,,"2021-03-15 14:33:53"
"Mining",0.07127073,"HNT2",,,,,"Test Wallet",,,"2021-03-15 16:07:00"
"Mining",0.058835990000000005,"HNT2",,,,,"Test Wallet",,,"2021-03-15 20:16:41"
"Mining",0.05563643,"HNT2",,,,,"Test Wallet",,,"2021-03-15 23:33:55"
"Mining",0.101926,"HNT2",,,,,"Test Wallet",,,"2021-03-16 02:58:13"
"Mining",0.06182186,"HNT2",,,,,"Test Wallet",,,"2021-03-16 04:07:03"
"Mining",0.06962535,"HNT2",,,,,"Test Wallet",,,"2021-03-16 08:22:35"
"Mining",0.07982251,"HNT2",,,,,"Test Wallet",,,"2021-03-16 16:50:50"
"Mining",0.1399882,"HNT2",,,,,"Test Wallet",,,"2021-03-17 17:20:12"
"Mining",0.06212278,"HNT2",,,,,"Test Wallet",,,"2021-03-17 20:12:41"
"Mining",0.11198,"HNT2",,,,,"Test Wallet",,,"2021-03-17 23:36:47"
"Mining",0.07746804,"HNT2",,,,,"Test Wallet",,,"2021-03-18 07:54:18"
"Mining",0.15321718,"HNT2",,,,,"Test Wallet",,,"2021-03-18 15:39:33"
"Mining",0.06901829,"HNT2",,,,,"Test Wallet",,,"2021-03-18 18:08:39"
"Mining",0.0932321,"HNT2",,,,,"Test Wallet",,,"2021-03-18 19:54:21"
"Mining",0.08947626,"HNT2",,,,,"Test Wallet",,,"2021-03-19 03:07:20"
"Mining",0.09588413,"HNT2",,,,,"Test Wallet",,,"2021-03-19 06:22:42"
"Mining",0.05211419,"HNT2",,,,,"Test Wallet",,,"2021-03-19 10:44:41"
"Mining",0.06201072,"HNT2",,,,,"Test Wallet",,,"2021-03-19 13:58:11"
"Mining",0.05853446,"HNT2",,,,,"Test Wallet",,,"2021-03-19 19:46:40"
"Mining",0.0662247,"HNT2",,,,,"Test Wallet",,,"2021-03-20 03:42:15"
"Mining",0.07884762000000001,"HNT2",,,,,"Test Wallet",,,"2021-03-20 04:39:03"
"Mining",0.08622557,"HNT2",,,,,"Test Wallet",,,"2021-03-20 08:35:45"
"Mining",0.07822764,"HNT2",,,,,"Test Wallet",,,"2021-03-20 11:28:58"
"Mining",0.06458213,"HNT2",,,,,"Test Wallet",,,"2021-03-20 15:18:42"
"Mining",0.09052792,"HNT2",,,,,"Test Wallet",,,"2021-03-20 16:57:28"
"Mining",0.06982507,"HNT2",,,,,"Test Wallet",,,"2021-03-21 02:49:37"
"Mining",0.050595760000000004,"HNT2",,,,,"Test Wallet",,,"2021-03-21 03:29:42"
"Mining",0.06047874,"HNT2",,,,,"Test Wallet",,,"2021-03-21 09:51:27"
"Mining",0.050743710000000004,"HNT2",,,,,"Test Wallet",,,"2021-03-21 13:58:26"
"Mining",0.06386754,"HNT2",,,,,"Test Wallet",,,"2021-03-21 15:13:32"
"Mining",0.04622044,"HNT2",,,,,"Test Wallet",,,"2021-03-21 17:26:43"
"Mining",0.07198055,"HNT2",,,,,"Test Wallet",,,"2021-03-22 01:27:59"
"Mining",0.060836390000000004,"HNT2",,,,,"Test Wallet",,,"2021-03-22 06:56:46"
"Mining",0.07619112,"HNT2",,,,,"Test Wallet",,,"2021-03-22 14:05:41"
"Mining",0.08586596,"HNT2",,,,,"Test Wallet",,,"2021-03-23 04:16:26"
"Mining",0.08263474,"HNT2",,,,,"Test Wallet",,,"2021-03-23 07:34:16"
"Mining",0.0543531,"HNT2",,,,,"Test Wallet",,,"2021-03-23 08:36:40"
"Mining",0.0666965,"HNT2",,,,,"Test Wallet",,,"2021-03-23 11:37:27"
"Mining",0.05830384,"HNT2",,,,,"Test Wallet",,,"2021-03-23 13:10:44"
"Mining",0.06592969,"HNT2",,,,,"Test Wallet",,,"2021-03-23 15:03:30"
"Mining",0.07017286,"HNT2",,,,,"Test Wallet",,,"2021-03-23 19:13:25"
"Mining",0.08216496,"HNT2",,,,,"Test Wallet",,,"2021-03-24 05:19:38"
"Mining",0.04408339,"HNT2",,,,,"Test Wallet",,,"2021-03-24 09:35:54"
"Mining",0.08038248,"HNT2",,,,,"Test Wallet",,,"2021-03-24 12:06:03"
"Mining",0.04757204,"HNT2",,,,,"Test Wallet",,,"2021-03-24 13:25:45"
"Mining",0.08038031,"HNT2",,,,,"Test Wallet",,,"2021-03-24 15:38:47"
"Mining",0.051975230000000004,"HNT2",,,,,"Test Wallet",,,"2021-03-24 21:10:46"
"Mining",0.05124863,"HNT2",,,,,"Test Wallet",,,"2021-03-25 00:00:07"
"Mining",0.06265264,"HNT2",,,,,"Test Wallet",,,"2021-03-25 08:03:05"
"Mining",0.07411306000000001,"HNT2",,,,,"Test Wallet",,,"2021-03-25 14:28:23"
"Mining",0.05946926,"HNT2",,,,,"Test Wallet",,,"2021-03-25 19:26:58"
"Mining",0.07355953,"HNT2",,,,,"Test Wallet",,,"2021-03-25 21:45:03"
"Mining",0.058279370000000004,"HNT2",,,,,"Test Wallet",,,"2021-03-26 04:07:30"
"Mining",0.054223850000000004,"HNT2",,,,,"Test Wallet",,,"2021-03-26 08:24:58"
"Mining",0.05851195,"HNT2",,,,,"Test Wallet",,,"2021-03-26 10:53:34"
"Mining",0.1260562,"HNT2",,,,,"Test Wallet",,,"2021-03-26 17:00:02"
"Mining",0.04695373,"HNT2",,,,,"Test Wallet",,,"2021-03-26 21:27:16"
"Mining",0.04885946,"HNT2",,,,,"Test Wallet",,,"2021-03-27 05:20:19"
"Mining",0.07200632,"HNT2",,,,,"Test Wallet",,,"2021-03-27 14:08:34"
"Mining",0.04745928,"HNT2",,,,,"Test Wallet",,,"2021-03-27 19:57:03"
"Mining",0.06003033,"HNT2",,,,,"Test Wallet",,,"2021-03-27 23:29:17"
"Mining",0.1118565,"HNT2",,,,,"Test Wallet",,,"2021-03-28 04:44:21"
"Mining",0.1000158,"HNT2",,,,,"Test Wallet",,,"2021-03-28 07:53:10"
"Mining",0.06069779,"HNT2",,,,,"Test Wallet",,,"2021-03-28 12:26:56"
"Mining",0.06138523,"HNT2",,,,,"Test Wallet",,,"2021-03-28 15:44:55"
"Mining",0.06914082,"HNT2",,,,,"Test Wallet",,,"2021-03-29 01:02:51"
"Mining",0.07339905000000001,"HNT2",,,,,"Test Wallet",,,"2021-03-29 01:38:43"
"Mining",0.06468306,"HNT2",,,,,"Test Wallet",,,"2021-03-29 04:45:48"
"Mining",0.08608815,"HNT2",,,,,"Test Wallet",,,"2021-03-29 05:44:07"
"Mining",0.07247704,"HNT2",,,,,"Test Wallet",,,"2021-03-29 08:48:19"
"Mining",0.08267000000000001,"HNT2",,,,,"Test Wallet",,,"2021-03-29 09:40:34"
"Mining",0.04568186,"HNT2",,,,,"Test Wallet",,,"2021-03-29 14:32:17"
"Mining",0.05622633,"HNT2",,,,,"Test Wallet",,,"2021-03-29 18:58:04"
"Mining",0.056868760000000004,"HNT2",,,,,"Test Wallet",,,"2021-03-29 23:25:47"
"Mining",0.05765963,"HNT2",,,,,"Test Wallet",,,"2021-03-30 00:31:47"
"Mining",0.05247991,"HNT2",,,,,"Test Wallet",,,"2021-03-30 03:22:40"
"Mining",0.05500869,"HNT2",,,,,"Test Wallet",,,"2021-03-30 07:49:38"
"Mining",0.05184139,"HNT2",,,,,"Test Wallet",,,"2021-03-30 11:09:39"
"Mining",0.07062237,"HNT2",,,,,"Test Wallet",,,"2021-03-30 14:49:22"
"Mining",0.07968308,"HNT2",,,,,"Test Wallet",,,"2021-03-30 19:18:21"
"Mining",0.07412629,"HNT2",,,,,"Test Wallet",,,"2021-03-30 23:27:00"
"Mining",0.09333609,"HNT2",,,,,"Test Wallet",,,"2021-03-31 00:07:44"
"Mining",0.07963924,"HNT2",,,,,"Test Wallet",,,"2021-03-31 03:37:15"
"Mining",0.05122398,"HNT2",,,,,"Test Wallet",,,"2021-03-31 05:00:09"
"Mining",0.07526243,"HNT2",,,,,"Test Wallet",,,"2021-03-31 08:14:01"
"Mining",0.04636452,"HNT2",,,,,"Test Wallet",,,"2021-03-31 08:50:16"
"Mining",0.05463801,"HNT2",,,,,"Test Wallet",,,"2021-03-31 13:19:21"
"Mining",0.050487910000000004,"HNT2",,,,,"Test Wallet",,,"2021-03-31 16:26:56"
"Mining",0.05921074,"HNT2",,,,,"Test Wallet",,,"2021-03-31 16:55:32"
"Mining",0.06865048,"HNT2",,,,,"Test Wallet",,,"2021-04-01 01:10:53"
"Mining",0.07035161,"HNT2",,,,,"Test Wallet",,,"2021-04-01 01:38:42"
"Mining",0.14589874,"HNT2",,,,,"Test Wallet",,,"2021-04-01 05:05:00"
"Mining",0.07283907,"HNT2",,,,,"Test Wallet",,,"2021-04-01 08:52:49"
"Mining",0.06052601,"HNT2",,,,,"Test Wallet",,,"2021-04-01 09:54:11"
"Mining",0.08279342,"HNT2",,,,,"Test Wallet",,,"2021-04-01 12:52:11"
"Mining",0.04490894,"HNT2",,,,,"Test Wallet",,,"2021-04-01 13:55:29"
"Mining",0.06969886,"HNT2",,,,,"Test Wallet",,,"2021-04-01 17:01:35"
"Mining",0.04641543,"HNT2",,,,,"Test Wallet",,,"2021-04-01 21:15:30"
"Mining",0.04695689,"HNT2",,,,,"Test Wallet",,,"2021-04-02 01:37:15"
"Mining",0.05970337,"HNT2",,,,,"Test Wallet",,,"2021-04-02 07:21:43"
"Mining",0.07465012,"HNT2",,,,,"Test Wallet",,,"2021-04-02 07:58:04"
"Mining",0.06540782,"HNT2",,,,,"Test Wallet",,,"2021-04-02 11:19:26"
"Mining",0.07028648,"HNT2",,,,,"Test Wallet",,,"2021-04-02 15:33:25"
"Mining",0.07358865,"HNT2",,,,,"Test Wallet",,,"2021-04-03 04:02:26"
"Mining",0.058116310000000004,"HNT2",,,,,"Test Wallet",,,"2021-04-03 05:27:48"
"Mining",0.05760199,"HNT2",,,,,"Test Wallet",,,"2021-04-03 10:26:50"
"Mining",0.11482454,"HNT2",,,,,"Test Wallet",,,"2021-04-03 14:56:01"
"Mining",0.05229865,"HNT2",,,,,"Test Wallet",,,"2021-04-03 19:19:13"
"Mining",0.13156252000000002,"HNT2",,,,,"Test Wallet",,,"2021-04-04 00:27:51"
"Mining",0.06996144,"HNT2",,,,,"Test Wallet",,,"2021-04-04 05:58:59"
"Mining",0.14973006,"HNT2",,,,,"Test Wallet",,,"2021-04-04 09:20:12"
"Mining",0.12843172,"HNT2",,,,,"Test Wallet",,,"2021-04-04 14:31:58"
"Mining",0.06918017,"HNT2",,,,,"Test Wallet",,,"2021-04-04 17:35:32"
"Mining",0.05051685,"HNT2",,,,,"Test Wallet",,,"2021-04-04 18:15:13"
"Mining",0.11795798,"HNT2",,,,,"Test Wallet",,,"2021-04-04 22:00:00"
"Mining",0.09298406000000001,"HNT2",,,,,"Test Wallet",,,"2021-04-05 01:39:42"
"Mining",0.05067528,"HNT2",,,,,"Test Wallet",,,"2021-04-05 05:26:55"
"Mining",0.07731738,"HNT2",,,,,"Test Wallet",,,"2021-04-05 11:00:08"
"Mining",0.05588658,"HNT2",,,,,"Test Wallet",,,"2021-04-05 15:29:08"
"Mining",0.04485446,"HNT2",,,,,"Test Wallet",,,"2021-04-05 19:41:30"
"Mining",0.08714273,"HNT2",,,,,"Test Wallet",,,"2021-04-05 22:33:06"
"Mining",0.04283911,"HNT2",,,,,"Test Wallet",,,"2021-04-05 23:45:30"
"Mining",0.05353912,"HNT2",,,,,"Test Wallet",,,"2021-04-06 02:49:45"
"Mining",0.06337254,"HNT2",,,,,"Test Wallet",,,"2021-04-06 08:25:29"
"Mining",0.07143394,"HNT2",,,,,"Test Wallet",,,"2021-04-06 12:37:29"
"Mining",0.04163834,"HNT2",,,,,"Test Wallet",,,"2021-04-06 17:28:59"
"Mining",0.06051321,"HNT2",,,,,"Test Wallet",,,"2021-04-06 23:30:29"
"Mining",0.11503278,"HNT2",,,,,"Test Wallet",,,"2021-04-07 02:46:24"
"Mining",0.061665580000000005,"HNT2",,,,,"Test Wallet",,,"2021-04-07 06:46:52"
"Mining",0.15097732,"HNT2",,,,,"Test Wallet",,,"2021-04-07 11:28:56"
"Other Fee",,,0.584638089977055,"HNT2",,,"Test Wallet",,"token_burn_v1","2021-04-07 12:40:21"
"Mining",0.0000051700000000000005,"HNT2",,,,,"Test Wallet",,,"2021-04-07 14:43:23"
"Mining",0.07545210000000001,"HNT2",,,,,"Test Wallet",,,"2021-04-07 16:28:51"
"Mining",0.00002039,"HNT2",,,,,"Test Wallet",,,"2021-04-07 18:08:18"
"Mining",0.00002322,"HNT2",,,,,"Test Wallet",,,"2021-04-07 19:04:58"
"Mining",0.0779717,"HNT2",,,,,"Test Wallet",,,"2021-04-07 20:22:33"
"Mining",0.00000644,"HNT2",,,,,"Test Wallet",,,"2021-04-07 20:56:23"
"Mining",0.05264488,"HNT2",,,,,"Test Wallet",,,"2021-04-08 00:02:39"
"Mining",0.0000029400000000000002,"HNT2",,,,,"Test Wallet",,,"2021-04-08 03:06:49"
"Mining",0.00005083,"HNT2",,,,,"Test Wallet",,,"2021-04-08 07:52:48"
"Mining",0.04742901,"HNT2",,,,,"Test Wallet",,,"2021-04-08 08:22:06"
"Mining",0.00003061,"HNT2",,,,,"Test Wallet",,,"2021-04-08 09:13:26"
"Mining",0.05708926,"HNT2",,,,,"Test Wallet",,,"2021-04-08 09:55:45"
"Other Fee",,,0.16560140336432305,"HNT2",,,"Test Wallet",,"token_burn_v1","2021-04-08 09:58:25"
"Mining",0.00002539,"HNT2",,,,,"Test Wallet",,,"2021-04-08 11:00:55"
"Mining",0.00001653,"HNT2",,,,,"Test Wallet",,,"2021-04-08 12:45:26"
"Mining",0.00001361,"HNT2",,,,,"Test Wallet",,,"2021-04-08 14:31:43"
"Mining",0.00000577,"HNT2",,,,,"Test Wallet",,,"2021-04-08 16:25:29"
"Mining",0.05551202,"HNT2",,,,,"Test Wallet",,,"2021-04-08 17:15:51"
"Mining",0.06567577000000001,"HNT2",,,,,"Test Wallet",,,"2021-04-08 17:51:55"
"Mining",0.00000173,"HNT2",,,,,"Test Wallet",,,"2021-04-08 18:22:50"
"Mining",0.054625850000000004,"HNT2",,,,,"Test Wallet",,,"2021-04-08 20:47:27"
"Mining",0.00000577,"HNT2",,,,,"Test Wallet",,,"2021-04-08 22:01:53"
"Mining",0.0000046,"HNT2",,,,,"Test Wallet",,,"2021-04-09 00:01:19"
"Mining",0.00002449,"HNT2",,,,,"Test Wallet",,,"2021-04-09 03:57:16"
"Mining",0.09760794,"HNT2",,,,,"Test Wallet",,,"2021-04-09 05:52:32"
"Mining",0.00002529,"HNT2",,,,,"Test Wallet",,,"2021-04-09 07:29:27"
"Mining",0.000029160000000000002,"HNT2",,,,,"Test Wallet",,,"2021-04-09 10:16:58"
"Mining",0.12157777,"HNT2",,,,,"Test Wallet",,,"2021-04-09 11:23:07"
"Mining",0.00001637,"HNT2",,,,,"Test Wallet",,,"2021-04-09 12:38:45"
"Mining",0.00001368,"HNT2",,,,,"Test Wallet",,,"2021-04-09 15:45:28"
"Mining",0.05842812,"HNT2",,,,,"Test Wallet",,,"2021-04-09 16:33:01"
"Mining",0.00000415,"HNT2",,,,,"Test Wallet",,,"2021-04-09 17:34:21"
"Mining",0.05595395,"HNT2",,,,,"Test Wallet",,,"2021-04-09 19:19:04"
"Mining",0.0000035600000000000002,"HNT2",,,,,"Test Wallet",,,"2021-04-09 19:54:45"
"Mining",0.00000533,"HNT2",,,,,"Test Wallet",,,"2021-04-09 21:31:51"
"Mining",0.00000415,"HNT2",,,,,"Test Wallet",,,"2021-04-09 23:35:43"
"Mining",0.00000474,"HNT2",,,,,"Test Wallet",,,"2021-04-10 01:02:24"
"Mining",0.00000415,"HNT2",,,,,"Test Wallet",,,"2021-04-10 02:54:46"
"Mining",0.00000415,"HNT2",,,,,"Test Wallet",,,"2021-04-10 04:49:09"
"Mining",0.00000415,"HNT2",,,,,"Test Wallet",,,"2021-04-10 06:14:59"
"Mining",0.00000474,"HNT2",,,,,"Test Wallet",,,"2021-04-10 09:15:48"
"Mining",0.09339677,"HNT2",,,,,"Test Wallet",,,"2021-04-10 12:39:04"
"Mining",0.0000083,"HNT2",,,,,"Test Wallet",,,"2021-04-10 14:46:22"
"Mining",0.0483633,"HNT2",,,,,"Test Wallet",,,"2021-04-10 16:26:32"
"Mining",0.00000533,"HNT2",,,,,"Test Wallet",,,"2021-04-10 18:32:54"
"Mining",0.04545455,"HNT2",,,,,"Test Wallet",,,"2021-04-10 19:59:55"
"Mining",0.048985310000000004,"HNT2",,,,,"Test Wallet",,,"2021-04-10 20:44:57"
"Mining",0.00000237,"HNT2",,,,,"Test Wallet",,,"2021-04-10 22:47:46"
"Mining",0.05249069,"HNT2",,,,,"Test Wallet",,,"2021-04-11 00:33:34"
"Mining",0.00000533,"HNT2",,,,,"Test Wallet",,,"2021-04-11 01:03:12"
"Mining",0.05045677,"HNT2",,,,,"Test Wallet",,,"2021-04-11 04:11:16"
"Mining",0.00002549,"HNT2",,,,,"Test Wallet",,,"2021-04-11 07:21:32"
"Mining",0.00000533,"HNT2",,,,,"Test Wallet",,,"2021-04-11 08:59:26"
"Mining",0.00000474,"HNT2",,,,,"Test Wallet",,,"2021-04-11 12:07:46"
"Mining",0.0612775,"HNT2",,,,,"Test Wallet",,,"2021-04-11 13:19:02"
"Mining",0.00000533,"HNT2",,,,,"Test Wallet",,,"2021-04-11 13:47:39"
"Mining",0.00000483,"HNT2",,,,,"Test Wallet",,,"2021-04-11 15:24:12"
"Mining",0.06492155,"HNT2",,,,,"Test Wallet",,,"2021-04-11 17:09:42"
"Mining",0.00000353,"HNT2",,,,,"Test Wallet",,,"2021-04-11 19:56:17"
"Mining",0.00000408,"HNT2",,,,,"Test Wallet",,,"2021-04-11 21:54:45"
"Mining",0.0000034700000000000002,"HNT2",,,,,"Test Wallet",,,"2021-04-11 23:25:04"
"Mining",0.07069715,"HNT2",,,,,"Test Wallet",,,"2021-04-12 00:53:18"
"Mining",0.0000046400000000000005,"HNT2",,,,,"Test Wallet",,,"2021-04-12 01:28:32"
"Mining",0.00000635,"HNT2",,,,,"Test Wallet",,,"2021-04-12 04:06:24"
"Mining",0.06920163,"HNT2",,,,,"Test Wallet",,,"2021-04-12 05:27:18"
"Mining",0.07627833,"HNT2",,,,,"Test Wallet",,,"2021-04-12 06:06:41"
"Mining",0.00000121,"HNT2",,,,,"Test Wallet",,,"2021-04-12 09:10:51"
"Mining",0.00000664,"HNT2",,,,,"Test Wallet",,,"2021-04-12 11:23:02"
"Mining",0.0000067,"HNT2",,,,,"Test Wallet",,,"2021-04-12 12:06:20"
"Mining",0.04794886,"HNT2",,,,,"Test Wallet",,,"2021-04-12 12:45:06"
"Mining",0.00000123,"HNT2",,,,,"Test Wallet",,,"2021-04-12 14:01:55"
"Mining",0.00000682,"HNT2",,,,,"Test Wallet",,,"2021-04-12 16:19:09"
"Mining",0.00000615,"HNT2",,,,,"Test Wallet",,,"2021-04-12 19:04:44"
"Mining",0.0000073800000000000005,"HNT2",,,,,"Test Wallet",,,"2021-04-12 21:08:59"
"Mining",0.051253400000000005,"HNT2",,,,,"Test Wallet",,,"2021-04-12 22:17:08"
"Mining",0.0000049100000000000004,"HNT2",,,,,"Test Wallet",,,"2021-04-12 23:27:54"
"Mining",0.00000495,"HNT2",,,,,"Test Wallet",,,"2021-04-13 01:01:04"
"Mining",0.00000309,"HNT2",,,,,"Test Wallet",,,"2021-04-13 03:06:14"
"Mining",0.00000682,"HNT2",,,,,"Test Wallet",,,"2021-04-13 04:48:05"
"Mining",0.05523451,"HNT2",,,,,"Test Wallet",,,"2021-04-13 06:18:04"
"Mining",0.06508187,"HNT2",,,,,"Test Wallet",,,"2021-04-13 06:52:53"
"Mining",0.052493950000000004,"HNT2",,,,,"Test Wallet",,,"2021-04-13 10:48:41"
"Mining",0.05284593,"HNT2",,,,,"Test Wallet",,,"2021-04-13 14:48:03"
"Mining",0.000005,"HNT2",,,,,"Test Wallet",,,"2021-04-13 18:11:11"
"Mining",0.00000498,"HNT2",,,,,"Test Wallet",,,"2021-04-13 20:12:26"
"Mining",0.06622323000000001,"HNT2",,,,,"Test Wallet",,,"2021-04-13 20:43:48"
"Mining",0.05152962,"HNT2",,,,,"Test Wallet",,,"2021-04-13 21:36:44"
"Mining",0.00000622,"HNT2",,,,,"Test Wallet",,,"2021-04-14 00:58:15"
"Mining",0.00000686,"HNT2",,,,,"Test Wallet",,,"2021-04-14 01:31:40"
"Mining",0.03916717,"HNT2",,,,,"Test Wallet",,,"2021-04-14 02:37:13"
"Mining",0.00000439,"HNT2",,,,,"Test Wallet",,,"2021-04-14 03:08:29"
"Mining",0.0000050800000000000005,"HNT2",,,,,"Test Wallet",,,"2021-04-14 05:14:32"
"Mining",0.04725424,"HNT2",,,,,"Test Wallet",,,"2021-04-14 06:41:47"
"Mining",0.00000389,"HNT2",,,,,"Test Wallet",,,"2021-04-14 08:35:21"
"Mining",0.03821617,"HNT2",,,,,"Test Wallet",,,"2021-04-14 09:40:06"
"Mining",0.00000452,"HNT2",,,,,"Test Wallet",,,"2021-04-14 10:18:50"
"Mining",0.055755400000000004,"HNT2",,,,,"Test Wallet",,,"2021-04-14 11:37:24"
"Mining",0.00000609,"HNT2",,,,,"Test Wallet",,,"2021-04-14 14:13:09"
"Mining",0.00000686,"HNT2",,,,,"Test Wallet",,,"2021-04-14 15:23:28"
"Mining",0.0000060500000000000005,"HNT2",,,,,"Test Wallet",,,"2021-04-14 18:23:46"
"Mining",0.04713143,"HNT2",,,,,"Test Wallet",,,"2021-04-14 19:27:15"
"Mining",0.00000459,"HNT2",,,,,"Test Wallet",,,"2021-04-14 20:32:15"
"Mining",0.00000521,"HNT2",,,,,"Test Wallet",,,"2021-04-14 22:13:16"
"Mining",0.05559457,"HNT2",,,,,"Test Wallet",,,"2021-04-14 23:23:12"
"Mining",0.00000528,"HNT2",,,,,"Test Wallet",,,"2021-04-15 01:37:56"
"Mining",0.00002544,"HNT2",,,,,"Test Wallet",,,"2021-04-15 04:19:06"
"Mining",0.00002646,"HNT2",,,,,"Test Wallet",,,"2021-04-15 06:07:57"
"Mining",0.00003877,"HNT2",,,,,"Test Wallet",,,"2021-04-15 08:08:11"
"Mining",0.00003613,"HNT2",,,,,"Test Wallet",,,"2021-04-15 10:18:05"
"Mining",0.00002415,"HNT2",,,,,"Test Wallet",,,"2021-04-15 11:57:28"
"Mining",0.00002426,"HNT2",,,,,"Test Wallet",,,"2021-04-15 12:36:21"
"Mining",0.00000587,"HNT2",,,,,"Test Wallet",,,"2021-04-15 14:16:16"
"Mining",0.03959138,"HNT2",,,,,"Test Wallet",,,"2021-04-15 15:18:04"
"Mining",0.00000388,"HNT2",,,,,"Test Wallet",,,"2021-04-15 15:53:20"
"Mining",0.00000395,"HNT2",,,,,"Test Wallet",,,"2021-04-15 18:08:51"
"Mining",0.03984188,"HNT2",,,,,"Test Wallet",,,"2021-04-15 19:25:23"
"Mining",0.00000391,"HNT2",,,,,"Test Wallet",,,"2021-04-15 20:36:20"
"Mining",0.00000456,"HNT2",,,,,"Test Wallet",,,"2021-04-15 21:43:53"
"Mining",0.06108182,"HNT2",,,,,"Test Wallet",,,"2021-04-15 22:32:51"
"Mining",0.03674342,"HNT2",,,,,"Test Wallet",,,"2021-04-15 23:02:35"
"Mining",0.0000033,"HNT2",,,,,"Test Wallet",,,"2021-04-15 23:32:22"
"Mining",0.00000468,"HNT2",,,,,"Test Wallet",,,"2021-04-16 01:24:08"
"Mining",0.042700470000000004,"HNT2",,,,,"Test Wallet",,,"2021-04-16 03:05:30"
"Mining",0.0488472,"HNT2",,,,,"Test Wallet",,,"2021-04-16 03:37:51"
"Mining",0.00000467,"HNT2",,,,,"Test Wallet",,,"2021-04-16 05:06:50"
"Mining",0.00000538,"HNT2",,,,,"Test Wallet",,,"2021-04-16 06:50:05"
"Mining",0.04829303,"HNT2",,,,,"Test Wallet",,,"2021-04-16 07:23:41"
"Mining",0.06085063,"HNT2",,,,,"Test Wallet",,,"2021-04-16 08:22:07"
"Mining",0.0000060600000000000004,"HNT2",,,,,"Test Wallet",,,"2021-04-16 09:04:08"
"Mining",0.00000619,"HNT2",,,,,"Test Wallet",,,"2021-04-16 10:51:37"
"Mining",0.10762472000000001,"HNT2",,,,,"Test Wallet",,,"2021-04-16 12:00:45"
"Mining",0.0000048200000000000004,"HNT2",,,,,"Test Wallet",,,"2021-04-16 13:05:51"
"Mining",0.00000341,"HNT2",,,,,"Test Wallet",,,"2021-04-16 15:35:24"
"Mining",0.05355481,"HNT2",,,,,"Test Wallet",,,"2021-04-16 19:28:43"
"Mining",0.00000542,"HNT2",,,,,"Test Wallet",,,"2021-04-16 21:35:45"
"Mining",0.06415451,"HNT2",,,,,"Test Wallet",,,"2021-04-16 22:45:28"
"Mining",0.047041150000000004,"HNT2",,,,,"Test Wallet",,,"2021-04-16 23:44:13"
"Mining",0.0000053500000000000004,"HNT2",,,,,"Test Wallet",,,"2021-04-17 03:45:48"
"Mining",0.00000803,"HNT2",,,,,"Test Wallet",,,"2021-04-17 04:55:07"
"Mining",0.00000876,"HNT2",,,,,"Test Wallet",,,"2021-04-17 08:39:53"
"Mining",0.04345747,"HNT2",,,,,"Test Wallet",,,"2021-04-17 11:31:39"
"Mining",0.00002904,"HNT2",,,,,"Test Wallet",,,"2021-04-17 15:14:37"
"Mining",0.00002763,"HNT2",,,,,"Test Wallet",,,"2021-04-17 15:57:29"
"Mining",0.04666946,"HNT2",,,,,"Test Wallet",,,"2021-04-17 16:57:15"
"Mining",0.00002145,"HNT2",,,,,"Test Wallet",,,"2021-04-17 18:31:58"
"Mining",0.00001944,"HNT2",,,,,"Test Wallet",,,"2021-04-17 20:09:07"
"Mining",0.05294114,"HNT2",,,,,"Test Wallet",,,"2021-04-17 21:09:22"
"Mining",0.00002212,"HNT2",,,,,"Test Wallet",,,"2021-04-17 21:42:45"
"Mining",0.00002392,"HNT2",,,,,"Test Wallet",,,"2021-04-17 23:26:15"
"Mining",0.00002932,"HNT2",,,,,"Test Wallet",,,"2021-04-18 01:57:07"
"Mining",0.00003812,"HNT2",,,,,"Test Wallet",,,"2021-04-18 03:34:10"
"Mining",0.000013340000000000001,"HNT2",,,,,"Test Wallet",,,"2021-04-18 05:09:47"
"Mining",0.0000492,"HNT2",,,,,"Test Wallet",,,"2021-04-18 07:44:24"
"Mining",0.04396764,"HNT2",,,,,"Test Wallet",,,"2021-04-18 10:02:52"
"Mining",0.00004335,"HNT2",,,,,"Test Wallet",,,"2021-04-18 11:48:46"
"Mining",0.00003862,"HNT2",,,,,"Test Wallet",,,"2021-04-18 13:36:50"
"Mining",0.000020660000000000002,"HNT2",,,,,"Test Wallet",,,"2021-04-18 15:25:03"
"Mining",0.04195493,"HNT2",,,,,"Test Wallet",,,"2021-04-18 17:30:14"
"Mining",0.00001037,"HNT2",,,,,"Test Wallet",,,"2021-04-18 19:28:48"
"Mining",0.04735345,"HNT2",,,,,"Test Wallet",,,"2021-04-18 21:36:35"
"Mining",0.05279756,"HNT2",,,,,"Test Wallet",,,"2021-04-18 22:23:07"
"Mining",0.00002869,"HNT2",,,,,"Test Wallet",,,"2021-04-18 23:00:16"
"Mining",0.00001959,"HNT2",,,,,"Test Wallet",,,"2021-04-19 01:17:45"
"Mining",0.00002938,"HNT2",,,,,"Test Wallet",,,"2021-04-19 03:53:42"
"Mining",0.00002612,"HNT2",,,,,"Test Wallet",,,"2021-04-19 05:08:20"
"Mining",0.00002612,"HNT2",,,,,"Test Wallet",,,"2021-04-19 05:40:13"
"Mining",0.05281867,"HNT2",,,,,"Test Wallet",,,"2021-04-19 06:11:58"
"Mining",0.06890758,"HNT2",,,,,"Test Wallet",,,"2021-04-19 07:19:59"
"Mining",0.00002873,"HNT2",,,,,"Test Wallet",,,"2021-04-19 09:18:30"
"Mining",0.06683293,"HNT2",,,,,"Test Wallet",,,"2021-04-19 11:11:42"
"Mining",0.00004268,"HNT2",,,,,"Test Wallet",,,"2021-04-19 13:26:20"
"Mining",0.00003194,"HNT2",,,,,"Test Wallet",,,"2021-04-19 15:34:02"
"Mining",0.00002872,"HNT2",,,,,"Test Wallet",,,"2021-04-19 17:26:00"
"Mining",0.06420362,"HNT2",,,,,"Test Wallet",,,"2021-04-19 19:25:18"
"Mining",0.0421047,"HNT2",,,,,"Test Wallet",,,"2021-04-19 20:12:18"
"Mining",0.00002953,"HNT2",,,,,"Test Wallet",,,"2021-04-19 21:21:47"
"Mining",0.05900147,"HNT2",,,,,"Test Wallet",,,"2021-04-19 23:47:44"
"Mining",0.04386822,"HNT2",,,,,"Test Wallet",,,"2021-04-20 00:37:38"
"Mining",0.00003224,"HNT2",,,,,"Test Wallet",,,"2021-04-20 01:45:45"
"Mining",0.04742073,"HNT2",,,,,"Test Wallet",,,"2021-04-20 05:38:34"
"Mining",0.0000493,"HNT2",,,,,"Test Wallet",,,"2021-04-20 06:19:50"
"Mining",0.00003639,"HNT2",,,,,"Test Wallet",,,"2021-04-20 07:55:30"
"Mining",0.03926332,"HNT2",,,,,"Test Wallet",,,"2021-04-20 08:27:45"
"Mining",0.04417576,"HNT2",,,,,"Test Wallet",,,"2021-04-20 09:03:43"
"Mining",0.00004121,"HNT2",,,,,"Test Wallet",,,"2021-04-20 10:11:50"
"Mining",0.00004357,"HNT2",,,,,"Test Wallet",,,"2021-04-20 12:50:50"
"Mining",0.04414605,"HNT2",,,,,"Test Wallet",,,"2021-04-20 13:32:43"
"Mining",0.05272505,"HNT2",,,,,"Test Wallet",,,"2021-04-20 14:13:13"
"Mining",0.00002444,"HNT2",,,,,"Test Wallet",,,"2021-04-20 14:56:10"
"Mining",0.00002159,"HNT2",,,,,"Test Wallet",,,"2021-04-20 17:10:17"
"Mining",0.04649691,"HNT2",,,,,"Test Wallet",,,"2021-04-20 17:46:31"
"Mining",0.00001954,"HNT2",,,,,"Test Wallet",,,"2021-04-20 19:00:13"
"Mining",0.00002214,"HNT2",,,,,"Test Wallet",,,"2021-04-20 21:24:13"
"Mining",0.00003102,"HNT2",,,,,"Test Wallet",,,"2021-04-21 00:56:33"
"Mining",0.000009450000000000001,"HNT2",,,,,"Test Wallet",,,"2021-04-21 02:08:39"
"Mining",0.00003374,"HNT2",,,,,"Test Wallet",,,"2021-04-21 04:25:54"
"Mining",0.000028310000000000002,"HNT2",,,,,"Test Wallet",,,"2021-04-21 05:59:12"
"Mining",0.00002809,"HNT2",,,,,"Test Wallet",,,"2021-04-21 06:41:51"
"Mining",0.00004341,"HNT2",,,,,"Test Wallet",,,"2021-04-21 10:50:01"
"Mining",0.0000547,"HNT2",,,,,"Test Wallet",,,"2021-04-21 12:06:12"
"Mining",0.00001755,"HNT2",,,,,"Test Wallet",,,"2021-04-21 16:07:55"
"Mining",0.00001897,"HNT2",,,,,"Test Wallet",,,"2021-04-21 20:22:37"
"Mining",0.05978391,"HNT2",,,,,"Test Wallet",,,"2021-04-21 21:15:08"
"Mining",0.0000319,"HNT2",,,,,"Test Wallet",,,"2021-04-21 22:21:01"
"Mining",0.043618000000000004,"HNT2",,,,,"Test Wallet",,,"2021-04-21 23:12:20"
"Mining",0.00002767,"HNT2",,,,,"Test Wallet",,,"2021-04-22 00:30:36"
"Mining",0.06542697,"HNT2",,,,,"Test Wallet",,,"2021-04-22 01:11:08"
"Mining",0.000028990000000000002,"HNT2",,,,,"Test Wallet",,,"2021-04-22 01:46:13"
"Mining",0.04957907,"HNT2",,,,,"Test Wallet",,,"2021-04-22 03:26:11"
"Mining",0.00003557,"HNT2",,,,,"Test Wallet",,,"2021-04-22 06:07:49"
"Mining",0.0000664,"HNT2",,,,,"Test Wallet",,,"2021-04-22 08:19:19"
"Mining",0.00002837,"HNT2",,,,,"Test Wallet",,,"2021-04-22 10:31:36"
"Mining",0.00003436,"HNT2",,,,,"Test Wallet",,,"2021-04-22 13:41:38"
"Mining",0.000021550000000000002,"HNT2",,,,,"Test Wallet",,,"2021-04-22 15:53:52"
"Mining",0.00002549,"HNT2",,,,,"Test Wallet",,,"2021-04-22 18:53:37"
"Mining",0.07013421,"HNT2",,,,,"Test Wallet",,,"2021-04-22 19:58:55"
"Mining",0.00002556,"HNT2",,,,,"Test Wallet",,,"2021-04-22 22:41:09"
"Mining",0.05803673,"HNT2",,,,,"Test Wallet",,,"2021-04-23 00:53:02"
"Mining",0.046669920000000004,"HNT2",,,,,"Test Wallet",,,"2021-04-23 02:36:24"
"Mining",0.000033430000000000003,"HNT2",,,,,"Test Wallet",,,"2021-04-23 04:03:44"
"Mining",0.00003781,"HNT2",,,,,"Test Wallet",,,"2021-04-23 06:43:08"
"Mining",0.051396950000000004,"HNT2",,,,,"Test Wallet",,,"2021-04-23 07:17:17"
"Mining",0.00003192,"HNT2",,,,,"Test Wallet",,,"2021-04-23 08:51:16"
"Mining",0.00003312,"HNT2",,,,,"Test Wallet",,,"2021-04-23 10:43:08"
"Mining",0.05794207,"HNT2",,,,,"Test Wallet",,,"2021-04-23 11:46:25"
"Mining",0.00002657,"HNT2",,,,,"Test Wallet",,,"2021-04-23 12:25:15"
"Mining",0.04628592,"HNT2",,,,,"Test Wallet",,,"2021-04-23 13:43:04"
"Mining",0.00002496,"HNT2",,,,,"Test Wallet",,,"2021-04-23 14:18:37"
"Mining",0.00002496,"HNT2",,,,,"Test Wallet",,,"2021-04-23 14:54:56"
"Mining",13.02085454,"HNT2",,,,,"Test Wallet",,,"2021-04-23 16:49:29"
"Mining",13.02083333,"HNT2",,,,,"Test Wallet",,,"2021-04-23 17:24:50"
"Mining",13.02088005,"HNT2",,,,,"Test Wallet",,,"2021-04-24 01:30:05"
"Mining",13.02083333,"HNT2",,,,,"Test Wallet",,,"2021-04-24 02:21:25"
"Mining",13.020879670000001,"HNT2",,,,,"Test Wallet",,,"2021-04-24 03:22:57"
"Mining",13.02083333,"HNT2",,,,,"Test Wallet",,,"2021-04-24 03:55:09"
"Mining",0.000029540000000000002,"HNT2",,,,,"Test Wallet",,,"2021-04-24 05:16:12"
"Withdrawal",,,10.025528811086797,"HNT2",0.025528811086797956,"HNT2","Test Wallet",,"payment_v2 to 13MHAxsgkjKGuhthyTuEFZXnr1KYmkYYshoFhiB5xAKDa5phXJ4","2021-04-24 06:06:59"
"Withdrawal",,,50.025887573964496,"HNT2",0.025887573964497042,"HNT2","Test Wallet",,"payment_v2 to 13MHAxsgkjKGuhthyTuEFZXnr1KYmkYYshoFhiB5xAKDa5phXJ4","2021-04-24 07:19:45"
"Mining",0.05387662,"HNT2",,,,,"Test Wallet",,,"2021-04-24 07:43:28"
"Mining",0.00002927,"HNT2",,,,,"Test Wallet",,,"2021-04-24 09:14:34"
"Mining",0.05806486,"HNT2",,,,,"Test Wallet",,,"2021-04-24 11:34:32"
"Mining",0.00001553,"HNT2",,,,,"Test Wallet",,,"2021-04-24 13:27:23"
"Mining",0.00001556,"HNT2",,,,,"Test Wallet",,,"2021-04-24 14:07:35"
"Mining",0.05822171,"HNT2",,,,,"Test Wallet",,,"2021-04-24 16:00:45"
"Mining",0.00001313,"HNT2",,,,,"Test Wallet",,,"2021-04-24 17:41:12"
"Mining",0.00001314,"HNT2",,,,,"Test Wallet",,,"2021-04-24 19:15:54"
"Mining",0.06269137,"HNT2",,,,,"Test Wallet",,,"2021-04-24 19:43:31"
"Mining",0.00002255,"HNT2",,,,,"Test Wallet",,,"2021-04-24 21:34:13"
"Mining",0.00002446,"HNT2",,,,,"Test Wallet",,,"2021-04-24 23:23:16"
"Mining",0.00003238,"HNT2",,,,,"Test Wallet",,,"2021-04-25 01:23:56"
"Mining",0.000026850000000000002,"HNT2",,,,,"Test Wallet",,,"2021-04-25 03:14:46"
"Mining",0.04214419,"HNT2",,,,,"Test Wallet",,,"2021-04-25 05:05:25"
"Mining",0.00002663,"HNT2",,,,,"Test Wallet",,,"2021-04-25 06:52:06"
"Mining",0.06400056,"HNT2",,,,,"Test Wallet",,,"2021-04-25 07:24:44"
"Mining",0.04587559,"HNT2",,,,,"Test Wallet",,,"2021-04-25 09:26:28"
"Mining",0.000029540000000000002,"HNT2",,,,,"Test Wallet",,,"2021-04-25 11:05:50"
"Mining",0.00002321,"HNT2",,,,,"Test Wallet",,,"2021-04-25 12:57:33"
"Mining",0.00001607,"HNT2",,,,,"Test Wallet",,,"2021-04-25 14:52:43"
"Mining",0.00002101,"HNT2",,,,,"Test Wallet",,,"2021-04-25 17:59:25"
"Mining",0.06259278,"HNT2",,,,,"Test Wallet",,,"2021-04-25 22:32:13"
"Mining",0.00003327,"HNT2",,,,,"Test Wallet",,,"2021-04-26 00:27:25"
"Mining",0.00002691,"HNT2",,,,,"Test Wallet",,,"2021-04-26 02:34:54"
"Mining",0.040186980000000004,"HNT2",,,,,"Test Wallet",,,"2021-04-26 04:14:49"
"Mining",0.00003601,"HNT2",,,,,"Test Wallet",,,"2021-04-26 04:52:20"
"Mining",0.06234986,"HNT2",,,,,"Test Wallet",,,"2021-04-26 07:00:38"
"Mining",0.04867428,"HNT2",,,,,"Test Wallet",,,"2021-04-26 08:48:53"
"Mining",0.00002729,"HNT2",,,,,"Test Wallet",,,"2021-04-26 10:58:05"
"Mining",0.042467950000000004,"HNT2",,,,,"Test Wallet",,,"2021-04-26 11:58:39"
"Mining",0.00002892,"HNT2",,,,,"Test Wallet",,,"2021-04-26 12:43:58"
"Mining",0.00002889,"HNT2",,,,,"Test Wallet",,,"2021-04-26 13:16:28"
"Mining",0.00002676,"HNT2",,,,,"Test Wallet",,,"2021-04-26 15:17:00"
"Mining",0.00002824,"HNT2",,,,,"Test Wallet",,,"2021-04-26 17:34:29"
"Mining",0.000025830000000000002,"HNT2",,,,,"Test Wallet",,,"2021-04-26 19:55:30"
"Mining",0.00002188,"HNT2",,,,,"Test Wallet",,,"2021-04-26 22:18:49"
"Mining",0.05603475,"HNT2",,,,,"Test Wallet",,,"2021-04-26 23:54:47"
"Mining",0.00002875,"HNT2",,,,,"Test Wallet",,,"2021-04-27 00:30:20"
"Mining",0.00003562,"HNT2",,,,,"Test Wallet",,,"2021-04-27 03:56:17"
"Mining",0.0692749,"HNT2",,,,,"Test Wallet",,,"2021-04-27 06:30:17"
"Mining",0.05078599,"HNT2",,,,,"Test Wallet",,,"2021-04-27 09:13:24"
"Mining",0.00001855,"HNT2",,,,,"Test Wallet",,,"2021-04-27 11:32:24"
"Mining",0.00001754,"HNT2",,,,,"Test Wallet",,,"2021-04-27 13:26:33"
"Mining",0.05480375,"HNT2",,,,,"Test Wallet",,,"2021-04-27 14:07:03"
"Mining",0.00001127,"HNT2",,,,,"Test Wallet",,,"2021-04-27 15:36:08"
"Mining",0.04023095,"HNT2",,,,,"Test Wallet",,,"2021-04-27 16:31:13"
"Mining",0.06175494,"HNT2",,,,,"Test Wallet",,,"2021-04-27 20:32:11"
"Mining",0.00001196,"HNT2",,,,,"Test Wallet",,,"2021-04-27 21:33:49"
"Mining",0.044805040000000004,"HNT2",,,,,"Test Wallet",,,"2021-04-27 22:57:43"
"Mining",0.00001183,"HNT2",,,,,"Test Wallet",,,"2021-04-27 23:34:35"
"Mining",0.04296055,"HNT2",,,,,"Test Wallet",,,"2021-04-28 01:22:55"
"Withdrawal",,,55.01937450249046,"HNT2",0.0193745024904539,"HNT2","Test Wallet",,"payment_v2 to 13MHAxsgkjKGuhthyTuEFZXnr1KYmkYYshoFhiB5xAKDa5phXJ4","2021-04-28 02:24:33"
"Mining",0.0466154,"HNT2",,,,,"Test Wallet",,,"2021-04-28 02:41:19"
"Mining",0.00002177,"HNT2",,,,,"Test Wallet",,,"2021-04-28 03:46:26"
"Mining",0.0000211,"HNT2",,,,,"Test Wallet",,,"2021-04-28 05:29:40"
"Mining",0.04951482,"HNT2",,,,,"Test Wallet",,,"2021-04-28 07:29:20"
"Mining",0.04463754,"HNT2",,,,,"Test Wallet",,,"2021-04-28 09:57:59"
"Mining",0.0000244,"HNT2",,,,,"Test Wallet",,,"2021-04-28 12:28:06"
"Mining",0.00002038,"HNT2",,,,,"Test Wallet",,,"2021-04-28 13:45:43"
"Mining",0.04263148,"HNT2",,,,,"Test Wallet",,,"2021-04-28 14:16:59"
"Mining",0.00002126,"HNT2",,,,,"Test Wallet",,,"2021-04-28 16:01:17"
"Mining",0.00001845,"HNT2",,,,,"Test Wallet",,,"2021-04-28 17:45:34"
"Mining",0.05934338,"HNT2",,,,,"Test Wallet",,,"2021-04-28 20:11:41"
"Mining",0.00002214,"HNT2",,,,,"Test Wallet",,,"2021-04-28 22:37:48"
"Mining",0.00002159,"HNT2",,,,,"Test Wallet",,,"2021-04-28 23:54:43"
"Mining",0.04541514,"HNT2",,,,,"Test Wallet",,,"2021-04-29 01:03:11"
"Mining",0.00002226,"HNT2",,,,,"Test Wallet",,,"2021-04-29 02:04:15"
"Mining",0.00002265,"HNT2",,,,,"Test Wallet",,,"2021-04-29 04:21:40"
"Mining",0.00002573,"HNT2",,,,,"Test Wallet",,,"2021-04-29 06:24:55"
"Mining",0.04838559,"HNT2",,,,,"Test Wallet",,,"2021-04-29 06:57:39"
"Mining",0.00002709,"HNT2",,,,,"Test Wallet",,,"2021-04-29 08:03:59"
"Mining",0.00003457,"HNT2",,,,,"Test Wallet",,,"2021-04-29 10:32:43"
"Mining",0.00002794,"HNT2",,,,,"Test Wallet",,,"2021-04-29 13:00:28"
"Mining",0.00002538,"HNT2",,,,,"Test Wallet",,,"2021-04-29 14:43:14"
"Mining",0.04152025,"HNT2",,,,,"Test Wallet",,,"2021-04-29 15:26:47"
"Mining",0.05968194,"HNT2",,,,,"Test Wallet",,,"2021-04-29 17:03:17"
"Mining",0.00002065,"HNT2",,,,,"Test Wallet",,,"2021-04-29 17:38:43"
"Mining",0.00001635,"HNT2",,,,,"Test Wallet",,,"2021-04-29 19:24:45"
"Mining",0.0611507,"HNT2",,,,,"Test Wallet",,,"2021-04-29 21:56:29"
"Mining",0.00002845,"HNT2",,,,,"Test Wallet",,,"2021-04-30 00:37:45"
"Mining",0.05407289,"HNT2",,,,,"Test Wallet",,,"2021-04-30 01:18:08"
"Mining",0.00002272,"HNT2",,,,,"Test Wallet",,,"2021-04-30 02:26:16"
"Mining",0.04852571,"HNT2",,,,,"Test Wallet",,,"2021-04-30 02:55:43"
"Mining",0.05736051,"HNT2",,,,,"Test Wallet",,,"2021-04-30 05:23:24"
"Mining",0.00002018,"HNT2",,,,,"Test Wallet",,,"2021-04-30 06:30:37"
"Mining",0.00002084,"HNT2",,,,,"Test Wallet",,,"2021-04-30 09:37:46"
"Mining",0.00002789,"HNT2",,,,,"Test Wallet",,,"2021-04-30 10:48:03"
"Mining",0.00002784,"HNT2",,,,,"Test Wallet",,,"2021-04-30 11:43:35"
"Mining",0.00002116,"HNT2",,,,,"Test Wallet",,,"2021-04-30 14:05:02"
"Mining",0.05408861,"HNT2",,,,,"Test Wallet",,,"2021-04-30 14:45:44"
"Mining",0.000015110000000000001,"HNT2",,,,,"Test Wallet",,,"2021-04-30 16:32:01"
"Mining",0.00001339,"HNT2",,,,,"Test Wallet",,,"2021-04-30 19:06:13"
"Mining",0.00001773,"HNT2",,,,,"Test Wallet",,,"2021-04-30 20:43:30"
"Mining",0.051639290000000004,"HNT2",,,,,"Test Wallet",,,"2021-04-30 22:40:24"
"Mining",0.00003378,"HNT2",,,,,"Test Wallet",,,"2021-05-01 01:11:32"
"Mining",13.02083333,"HNT2",,,,,"Test Wallet",,,"2021-05-01 01:43:31"
"Mining",13.02083333,"HNT2",,,,,"Test Wallet",,,"2021-05-01 02:12:36"
"Mining",13.0208549,"HNT2",,,,,"Test Wallet",,,"2021-05-01 02:52:55"
"Mining",0.06345448000000001,"HNT2",,,,,"Test Wallet",,,"2021-05-01 03:57:33"
"Mining",0.04369021,"HNT2",,,,,"Test Wallet",,,"2021-05-01 04:28:25"
"Mining",0.00001888,"HNT2",,,,,"Test Wallet",,,"2021-05-01 05:03:03"
"Mining",0.00002213,"HNT2",,,,,"Test Wallet",,,"2021-05-01 06:49:41"
"Mining",0.0357397,"HNT2",,,,,"Test Wallet",,,"2021-05-01 08:22:21"
"Mining",0.00002457,"HNT2",,,,,"Test Wallet",,,"2021-05-01 11:10:15"
"Mining",0.0000188,"HNT2",,,,,"Test Wallet",,,"2021-05-01 13:23:52"
"Mining",0.00001914,"HNT2",,,,,"Test Wallet",,,"2021-05-01 15:11:24"
"Mining",0.03664328,"HNT2",,,,,"Test Wallet",,,"2021-05-01 16:24:45"
"Mining",0.04325088,"HNT2",,,,,"Test Wallet",,,"2021-05-01 17:18:35"
"Mining",0.00002151,"HNT2",,,,,"Test Wallet",,,"2021-05-01 18:52:34"
"Mining",0.00001852,"HNT2",,,,,"Test Wallet",,,"2021-05-01 20:27:10"
"Mining",0.00001314,"HNT2",,,,,"Test Wallet",,,"2021-05-01 22:42:21"
"Mining",0.000027060000000000002,"HNT2",,,,,"Test Wallet",,,"2021-05-02 01:23:38"
"Mining",0.053012000000000004,"HNT2",,,,,"Test Wallet",,,"2021-05-02 03:30:54"
"Mining",0.00001932,"HNT2",,,,,"Test Wallet",,,"2021-05-02 05:32:16"
"Mining",0.05466505,"HNT2",,,,,"Test Wallet",,,"2021-05-02 07:28:00"
"Mining",0.00003239,"HNT2",,,,,"Test Wallet",,,"2021-05-02 08:26:43"
"Mining",0.00003125,"HNT2",,,,,"Test Wallet",,,"2021-05-02 09:42:51"
"Mining",0.14777765,"HNT2",,,,,"Test Wallet",,,"2021-05-02 13:44:07"
"Mining",0.000023520000000000002,"HNT2",,,,,"Test Wallet",,,"2021-05-02 14:25:28"
"Mining",0.00000743,"HNT2",,,,,"Test Wallet",,,"2021-05-02 16:46:19"
"Mining",0.0000143,"HNT2",,,,,"Test Wallet",,,"2021-05-02 18:20:49"
"Mining",0.00001429,"HNT2",,,,,"Test Wallet",,,"2021-05-02 18:57:33"
"Mining",0.05820849,"HNT2",,,,,"Test Wallet",,,"2021-05-02 20:38:29"
"Mining",0.03976226,"HNT2",,,,,"Test Wallet",,,"2021-05-02 21:36:30"
"Mining",0.04809722,"HNT2",,,,,"Test Wallet",,,"2021-05-02 23:04:48"
"Mining",0.05311527,"HNT2",,,,,"Test Wallet",,,"2021-05-03 01:25:46"
"Mining",0.03684454,"HNT2",,,,,"Test Wallet",,,"2021-05-03 02:05:57"
"Mining",0.00002143,"HNT2",,,,,"Test Wallet",,,"2021-05-03 02:44:16"
"Mining",0.9011841500000001,"HNT2",,,,,"Test Wallet",,,"2021-05-03 04:59:24"
"Mining",0.69137241,"HNT2",,,,,"Test Wallet",,,"2021-05-03 06:46:34"
"Mining",0.00002313,"HNT2",,,,,"Test Wallet",,,"2021-05-03 07:29:02"
"Mining",0.12052734,"HNT2",,,,,"Test Wallet",,,"2021-05-03 08:36:38"
"Mining",0.04016601,"HNT2",,,,,"Test Wallet",,,"2021-05-03 09:26:11"
"Mining",0.33737969,"HNT2",,,,,"Test Wallet",,,"2021-05-03 10:00:53"
"Mining",0.00002164,"HNT2",,,,,"Test Wallet",,,"2021-05-03 10:31:54"
"Mining",0.06748194,"HNT2",,,,,"Test Wallet",,,"2021-05-03 12:45:47"
"Mining",0.00000162,"HNT2",,,,,"Test Wallet",,,"2021-05-03 17:35:42"
"Mining",0.00004766,"HNT2",,,,,"Test Wallet",,,"2021-05-03 21:42:39"
"Mining",0.03700973,"HNT2",,,,,"Test Wallet",,,"2021-05-03 22:45:27"
"Mining",0.00002147,"HNT2",,,,,"Test Wallet",,,"2021-05-04 01:02:36"
"Mining",0.00002239,"HNT2",,,,,"Test Wallet",,,"2021-05-04 03:00:01"
"Mining",0.28531215,"HNT2",,,,,"Test Wallet",,,"2021-05-04 04:40:10"
"Mining",0.00002113,"HNT2",,,,,"Test Wallet",,,"2021-05-04 05:09:11"
"Mining",0.06538454,"HNT2",,,,,"Test Wallet",,,"2021-05-04 05:46:34"
"Mining",0.0000234,"HNT2",,,,,"Test Wallet",,,"2021-05-04 06:42:46"
"Mining",1.17658287,"HNT2",,,,,"Test Wallet",,,"2021-05-04 07:49:51"
"Mining",0.05044954,"HNT2",,,,,"Test Wallet",,,"2021-05-04 08:31:37"
"Mining",0.0609267,"HNT2",,,,,"Test Wallet",,,"2021-05-04 10:01:44"
"Mining",0.04084434,"HNT2",,,,,"Test Wallet",,,"2021-05-04 10:49:55"
"Mining",0.05500555,"HNT2",,,,,"Test Wallet",,,"2021-05-04 12:46:59"
"Mining",0.39739254,"HNT2",,,,,"Test Wallet",,,"2021-05-04 14:29:15"
"Mining",0.000017690000000000002,"HNT2",,,,,"Test Wallet",,,"2021-05-04 15:06:28"
"Mining",0.05573811,"HNT2",,,,,"Test Wallet",,,"2021-05-04 17:18:48"
"Mining",0.00002223,"HNT2",,,,,"Test Wallet",,,"2021-05-04 19:53:53"
"Mining",0.05421363,"HNT2",,,,,"Test Wallet",,,"2021-05-04 21:34:40"
"Mining",0.00001651,"HNT2",,,,,"Test Wallet",,,"2021-05-04 23:39:02"
"Mining",0.5165381,"HNT2",,,,,"Test Wallet",,,"2021-05-05 01:13:40"
"Mining",0.08691178000000001,"HNT2",,,,,"Test Wallet",,,"2021-05-05 02:37:54"
"Mining",0.00002073,"HNT2",,,,,"Test Wallet",,,"2021-05-05 03:12:46"
"Mining",0.055874230000000004,"HNT2",,,,,"Test Wallet",,,"2021-05-05 04:11:57"
"Mining",0.000022460000000000002,"HNT2",,,,,"Test Wallet",,,"2021-05-05 04:45:51"
"Mining",0.00002239,"HNT2",,,,,"Test Wallet",,,"2021-05-05 05:13:22"
"Mining",0.08182602,"HNT2",,,,,"Test Wallet",,,"2021-05-05 06:30:19"
"Mining",0.00002563,"HNT2",,,,,"Test Wallet",,,"2021-05-05 06:58:56"
"Mining",0.00002506,"HNT2",,,,,"Test Wallet",,,"2021-05-05 08:37:40"
"Mining",0.05579046,"HNT2",,,,,"Test Wallet",,,"2021-05-05 09:22:44"
"Mining",0.00002392,"HNT2",,,,,"Test Wallet",,,"2021-05-05 10:39:18"
"Mining",0.05868646,"HNT2",,,,,"Test Wallet",,,"2021-05-05 11:16:11"
"Mining",0.00002676,"HNT2",,,,,"Test Wallet",,,"2021-05-05 12:16:50"
"Mining",0.04816711,"HNT2",,,,,"Test Wallet",,,"2021-05-05 12:54:08"
"Mining",0.74332463,"HNT2",,,,,"Test Wallet",,,"2021-05-05 13:33:44"
"Mining",0.0000205,"HNT2",,,,,"Test Wallet",,,"2021-05-05 14:04:07"
"Mining",0.06855975,"HNT2",,,,,"Test Wallet",,,"2021-05-05 16:32:12"